<?xml version="1.0" encoding="UTF-8"?>
<!--XML-Beispieldatei von XMLSpy generiert v2015 sp2 (x64) (http://www.altova.com)-->
<rsm:QueryInformation_10 xmlns:rsm="http://www.strom.ch" xmlns:eCH-0010="http://www.ech.ch/xmlns/eCH-0010/6" xmlns:eCH-0044="http://www.ech.ch/xmlns/eCH-0044/4" xmlns:eCH-0046="http://www.ech.ch/xmlns/eCH-0046/3" xmlns:xsi="http://www.w3.org/2001/XMLSchema-instance" xsi:schemaLocation="http://www.strom.ch QueryInformation_1p0.xsd">
	<rsm:QueryInformation_HeaderInformation>
		<rsm:HeaderVersion>1.0</rsm:HeaderVersion>
		<rsm:Sender>
			<rsm:ID>
				<rsm:EICID schemeAgencyID="305">12X-PARTY-A-000K</rsm:EICID>
			</rsm:ID>
			<rsm:Role>DDQ</rsm:Role>
		</rsm:Sender>
		<rsm:Receiver>
			<rsm:ID>
				<rsm:EICID schemeAgencyID="305">12X-PARTY-B-000E</rsm:EICID>
			</rsm:ID>
			<rsm:Role>DDZ</rsm:Role>
		</rsm:Receiver>
		<rsm:InstanceDocument>
			<rsm:DictionaryAgencyID>260</rsm:DictionaryAgencyID>
			<rsm:VersionID listAgencyID="260">2007B</rsm:VersionID>
			<rsm:DocumentID>DID_Beispiel_3_5_5_x_QMPBez_20_11a</rsm:DocumentID>
			<rsm:DocumentType>
				<rsm:VSENationalCode>C03</rsm:VSENationalCode>
			</rsm:DocumentType>
			<rsm:Creation>2015-05-06T09:30:47Z</rsm:Creation>
			<rsm:Status>9</rsm:Status>
		</rsm:InstanceDocument>
		<rsm:BusinessScopeProcess>
			<rsm:BusinessReasonType codeListAgency="260">
				<rsm:VSENationalCode>C20</rsm:VSENationalCode>
			</rsm:BusinessReasonType>
			<rsm:BusinessDomainType listAgencyID="260">E01</rsm:BusinessDomainType>
			<rsm:BusinessSectorType>23</rsm:BusinessSectorType>
			<rsm:BusinessService>
				<rsm:ServiceTransaction isIntelligibleCheckRequired="true"/>
			</rsm:BusinessService>
		</rsm:BusinessScopeProcess>
	</rsm:QueryInformation_HeaderInformation>
	<rsm:Instance>
		<rsm:DocumentID>DID_Beispiel_3_5_5_x_QMPBez_20_11b</rsm:DocumentID>
		<rsm:MeteringPoint>
			<rsm:MeteringPointCharacteristics>
				<rsm:FlowCharacteristic listAgencyID="260">E17</rsm:FlowCharacteristic>
			</rsm:MeteringPointCharacteristics>
			<rsm:Consumer>
				<rsm:Contact>
					<eCH-0046:address>
						<eCH-0046:addressCategory>1</eCH-0046:addressCategory>
						<eCH-0046:postalAddress>
							<eCH-0010:person>
								<eCH-0010:firstName>Hans</eCH-0010:firstName>
								<eCH-0010:lastName>Muster</eCH-0010:lastName>
							</eCH-0010:person>
							<eCH-0010:addressInformation>
								<eCH-0010:street>Gerechtigkeitsgasse</eCH-0010:street>
								<eCH-0010:houseNumber>10</eCH-0010:houseNumber>
								<eCH-0010:town>Bern</eCH-0010:town>
								<eCH-0010:swissZipCode>3011</eCH-0010:swissZipCode>
								<eCH-0010:country>
									<eCH-0010:countryIdISO2>CH</eCH-0010:countryIdISO2>
									<eCH-0010:countryNameShort>Schweiz</eCH-0010:countryNameShort>
								</eCH-0010:country>
							</eCH-0010:addressInformation>
						</eCH-0046:postalAddress>
					</eCH-0046:address>
				</rsm:Contact>
			</rsm:Consumer>
		</rsm:MeteringPoint>
	</rsm:Instance>
</rsm:QueryInformation_10>
