<?xml version="1.0" encoding="UTF-8"?>
<!-- Mit XMLSpy v2015 sp2 (x64) (http://www.altova.com) von ICS (swissgrid ag) bearbeitet -->
<!--XML-Beispieldatei von XMLSpy generiert v2015 sp2 (x64) (http://www.altova.com)-->
<rsm:MasterdataPartyConnectedToGrid_10 xmlns:rsm="http://www.strom.ch" xmlns:eCH-0010="http://www.ech.ch/xmlns/eCH-0010/6" xmlns:eCH-0044="http://www.ech.ch/xmlns/eCH-0044/4" xmlns:eCH-0046="http://www.ech.ch/xmlns/eCH-0046/3" xmlns:xsi="http://www.w3.org/2001/XMLSchema-instance" xsi:schemaLocation="http://www.strom.ch MasterdataPartyConnectedToGrid_1p0.xsd">
	<rsm:MasterdataPartyConnectedToGrid_HeaderInformation>
		<rsm:HeaderVersion>1.0</rsm:HeaderVersion>
		<rsm:Sender>
			<rsm:ID>
				<rsm:EICID schemeAgencyID="305">12X-PARTY-C-0008</rsm:EICID>
			</rsm:ID>
			<rsm:Role>DDQ</rsm:Role>
		</rsm:Sender>
		<rsm:Receiver>
			<rsm:ID>
				<rsm:EICID schemeAgencyID="305">12X-PARTY-B-000E</rsm:EICID>
			</rsm:ID>
			<rsm:Role>DDZ</rsm:Role>
		</rsm:Receiver>
		<rsm:InstanceDocument>
			<rsm:DictionaryAgencyID>260</rsm:DictionaryAgencyID>
			<rsm:VersionID listAgencyID="260">2007B</rsm:VersionID>
			<rsm:DocumentID>DID_Beispiel_3_5_2_x_MDEV_30_11a</rsm:DocumentID>
			<rsm:DocumentType>
				<rsm:ebIXCode>E21</rsm:ebIXCode>
			</rsm:DocumentType>
			<rsm:Creation>2015-04-25T09:30:47Z</rsm:Creation>
			<rsm:Status>9</rsm:Status>
		</rsm:InstanceDocument>
		<rsm:BusinessScopeProcess>
			<rsm:BusinessReasonType codeListAgency="260">
				<rsm:VSENationalCode>C18</rsm:VSENationalCode>
			</rsm:BusinessReasonType>
			<rsm:BusinessDomainType listAgencyID="260">E01</rsm:BusinessDomainType>
			<rsm:BusinessSectorType>27</rsm:BusinessSectorType>
			<rsm:BusinessService>
				<rsm:ServiceTransaction isIntelligibleCheckRequired="true"/>
			</rsm:BusinessService>
		</rsm:BusinessScopeProcess>
	</rsm:MasterdataPartyConnectedToGrid_HeaderInformation>
	<rsm:Instance>
		<rsm:DocumentID>DID_Beispiel_3_5_2_x_MDEV_30_11b</rsm:DocumentID>
		<rsm:MeteringPoint>
			<rsm:VSENationalID schemeID="VSE" schemeAgencyID="260">CH9999901234500000000000000000001</rsm:VSENationalID>
			<rsm:Consumer>
				<rsm:Contact>
					<eCH-0046:address>
						<eCH-0046:addressCategory>1</eCH-0046:addressCategory>
						<eCH-0046:postalAddress>
							<eCH-0010:person>
								<eCH-0010:mrMrs>2</eCH-0010:mrMrs>
								<eCH-0010:title>Dr.</eCH-0010:title>
								<eCH-0010:firstName>Hans</eCH-0010:firstName>
								<eCH-0010:lastName>Muster</eCH-0010:lastName>
							</eCH-0010:person>
							<eCH-0010:addressInformation>
								<eCH-0010:street>Gerechtigkeitsgasse</eCH-0010:street>
								<eCH-0010:houseNumber>10</eCH-0010:houseNumber>
								<eCH-0010:town>Bern</eCH-0010:town>
								<eCH-0010:swissZipCode>3011</eCH-0010:swissZipCode>
								<eCH-0010:country>
									<eCH-0010:countryIdISO2>CH</eCH-0010:countryIdISO2>
									<eCH-0010:countryNameShort>Schweiz</eCH-0010:countryNameShort>
								</eCH-0010:country>
							</eCH-0010:addressInformation>
						</eCH-0046:postalAddress>
					</eCH-0046:address>
					<eCH-0046:email>
						<eCH-0046:emailCategory>1</eCH-0046:emailCategory>
						<eCH-0046:emailAddress>hans.muster@zuhause.ch</eCH-0046:emailAddress>
					</eCH-0046:email>
					<eCH-0046:email>
						<eCH-0046:emailCategory>2</eCH-0046:emailCategory>
						<eCH-0046:emailAddress>hans.muster@firma.ch</eCH-0046:emailAddress>
					</eCH-0046:email>
					<eCH-0046:phone>
						<eCH-0046:phoneCategory>1</eCH-0046:phoneCategory>
						<eCH-0046:phoneNumber>0041790123456</eCH-0046:phoneNumber>
					</eCH-0046:phone>
				</rsm:Contact>
			</rsm:Consumer>
			<rsm:ValidityDatePeriod>
				<rsm:StartDate>2015-10-01</rsm:StartDate>
			</rsm:ValidityDatePeriod>
			<rsm:GridBillingMethod>
				<rsm:GridBillingMethod>C02</rsm:GridBillingMethod>
			</rsm:GridBillingMethod>
		</rsm:MeteringPoint>
	</rsm:Instance>
</rsm:MasterdataPartyConnectedToGrid_10>
