<?xml version="1.0" encoding="UTF-8"?>
<!-- Mit XMLSpy v2015 sp2 (x64) (http://www.altova.com) von ICS (swissgrid ag) bearbeitet -->
<rsm:RequestToMPA_11 xsi:schemaLocation="http://www.strom.ch RequestToMPA_1p1.xsd" xmlns:rsm="http://www.strom.ch" xmlns:xsi="http://www.w3.org/2001/XMLSchema-instance">
	<rsm:RequestToMPA_HeaderInformation>
		<rsm:HeaderVersion>1.0</rsm:HeaderVersion>
		<rsm:Sender>
			<rsm:ID>
				<rsm:EICID schemeAgencyID="305">12X-PARTY-D-0002</rsm:EICID>
			</rsm:ID>
			<rsm:Role>ASP</rsm:Role>
		</rsm:Sender>
		<rsm:Receiver>
			<rsm:ID>
				<rsm:EICID schemeAgencyID="305">12X-PARTY-B-000E</rsm:EICID>
			</rsm:ID>
			<rsm:Role>DDZ</rsm:Role>
		</rsm:Receiver>
		<rsm:InstanceDocument>
			<rsm:DictionaryAgencyID>260</rsm:DictionaryAgencyID>
			<rsm:VersionID listAgencyID="260">2007B</rsm:VersionID>
			<rsm:DocumentID>DID_Beispiel_3_4_1_x_SDVAnm_10_11a</rsm:DocumentID>
			<rsm:DocumentType>
				<rsm:CefactCode>392</rsm:CefactCode>
			</rsm:DocumentType>
			<rsm:Creation>2008-06-12T06:21:05Z</rsm:Creation>
			<rsm:Status>9</rsm:Status>
		</rsm:InstanceDocument>
		<rsm:BusinessScopeProcess>
			<rsm:BusinessReasonType codeListAgency="260">
				<rsm:VSENationalCode>C16</rsm:VSENationalCode>
			</rsm:BusinessReasonType>
			<rsm:BusinessDomainType listAgencyID="260">E01</rsm:BusinessDomainType>
			<rsm:BusinessSectorType>23</rsm:BusinessSectorType>
			<rsm:BusinessService>
				<rsm:ServiceTransaction isIntelligibleCheckRequired="true"/>
			</rsm:BusinessService>
		</rsm:BusinessScopeProcess>
	</rsm:RequestToMPA_HeaderInformation>
	<rsm:Switch>
		<rsm:DocumentID>DID_Beispiel_3_4_1_x_SDVAnm_10_11b</rsm:DocumentID>
		<rsm:MeteringPoint>
			<rsm:VSENationalID schemeID="VSE" schemeAgencyID="260">CH9999901234500000000000000000001</rsm:VSENationalID>
			<rsm:AncillaryServiceProvider>
				<rsm:ID>
					<rsm:EICID schemeAgencyID="305">12X-PARTY-D-0002</rsm:EICID>
				</rsm:ID>
			</rsm:AncillaryServiceProvider>
			<rsm:SwitchDate>
				<rsm:StartDate>2008-07-13</rsm:StartDate>
			</rsm:SwitchDate>
		</rsm:MeteringPoint>
	</rsm:Switch>
</rsm:RequestToMPA_11>
