<?xml version="1.0" encoding="UTF-8"?>
<rsm:ValidatedMeteredData_14 xsi:schemaLocation="http://www.strom.ch ValidatedMeteredData_1p4.xsd" xmlns:rsm="http://www.strom.ch" xmlns:xsi="http://www.w3.org/2001/XMLSchema-instance">
	<rsm:ValidatedMeteredData_HeaderInformation>
		<rsm:HeaderVersion>1.0</rsm:HeaderVersion>
		<rsm:Sender>
			<rsm:ID>
				<rsm:EICID schemeAgencyID="305">12X-PARTY-A-000K</rsm:EICID>
			</rsm:ID>
			<rsm:Role>MDR</rsm:Role>
		</rsm:Sender>
		<rsm:Receiver>
			<rsm:ID>
				<rsm:EICID schemeAgencyID="305">12X-PARTY-B-000E</rsm:EICID>
			</rsm:ID>
			<rsm:Role>PQ</rsm:Role>
		</rsm:Receiver>
		<rsm:InstanceDocument>
			<rsm:DictionaryAgencyID>260</rsm:DictionaryAgencyID>
			<rsm:VersionID listAgencyID="260">2007B</rsm:VersionID>
			<rsm:DocumentID>DID_ZusDok1_3_3_5_ProductHKN_10_11a</rsm:DocumentID>
			<rsm:DocumentType listAgencyID="260">
				<rsm:ebIXCode>E66</rsm:ebIXCode>
			</rsm:DocumentType>
			<rsm:Creation>2008-06-04T12:23:34Z</rsm:Creation>
			<rsm:Status>9</rsm:Status>
		</rsm:InstanceDocument>
		<rsm:BusinessScopeProcess>
			<rsm:BusinessReasonType codeListAgency="260">
				<rsm:ebIXCode>E0D</rsm:ebIXCode>
			</rsm:BusinessReasonType>
			<rsm:BusinessDomainType listAgencyID="260">E02</rsm:BusinessDomainType>
			<rsm:BusinessSectorType>23</rsm:BusinessSectorType>
			<rsm:ReportPeriod>
				<rsm:StartDateTime>2008-02-27T13:22:43Z</rsm:StartDateTime>
				<rsm:EndDateTime>2008-05-28T08:34:33Z</rsm:EndDateTime>
			</rsm:ReportPeriod>
			<rsm:BusinessService>
				<rsm:ServiceTransaction isIntelligibleCheckRequired="true"/>
			</rsm:BusinessService>
		</rsm:BusinessScopeProcess>
	</rsm:ValidatedMeteredData_HeaderInformation>
	<rsm:MeteringData>
		<rsm:DocumentID>DID_ZusDok1_3_3_5_ProductHKN_10_11b</rsm:DocumentID>
		<rsm:Interval>
			<rsm:StartDateTime>2008-03-24T09:07:02Z</rsm:StartDateTime>
			<rsm:EndDateTime>2008-05-28T08:34:33Z</rsm:EndDateTime>
		</rsm:Interval>
		<rsm:ProductionMeteringPoint>
			<rsm:VSENationalID schemeID="VSE" schemeAgencyID="260">CH9999901234500000000000000000001</rsm:VSENationalID>
		</rsm:ProductionMeteringPoint>
		<rsm:Product>
			<rsm:ID schemeAgencyID="9">8716867000030</rsm:ID>
			<rsm:MeasureUnit>KWH</rsm:MeasureUnit>
		</rsm:Product>
		<rsm:Observation>
			<rsm:Position>
				<rsm:Sequence>1</rsm:Sequence>
			</rsm:Position>
			<rsm:Volume>500</rsm:Volume>
		</rsm:Observation>
	</rsm:MeteringData>
	<rsm:MeteringData>
		<rsm:DocumentID>DID_ZusDok1_3_3_5_ProductHKN_10_11c</rsm:DocumentID>
		<rsm:Interval>
			<rsm:StartDateTime>2008-03-14T07:05:34Z</rsm:StartDateTime>
			<rsm:EndDateTime>2008-05-26T06:51:21Z</rsm:EndDateTime>
		</rsm:Interval>
		<rsm:ProductionMeteringPoint>
			<rsm:VSENationalID schemeID="VSE" schemeAgencyID="260">CH9999901234500000000000000000002</rsm:VSENationalID>
		</rsm:ProductionMeteringPoint>
		<rsm:Product>
			<rsm:ID schemeAgencyID="9">8716867000030</rsm:ID>
			<rsm:MeasureUnit>KWH</rsm:MeasureUnit>
		</rsm:Product>
		<rsm:Observation>
			<rsm:Position>
				<rsm:Sequence>1</rsm:Sequence>
			</rsm:Position>
			<rsm:Volume>501</rsm:Volume>
			<rsm:Condition>56</rsm:Condition>
		</rsm:Observation>
	</rsm:MeteringData>
	<rsm:MeteringData>
		<rsm:DocumentID>DID_ZusDok1_3_3_5_ProductHKN_10_11d</rsm:DocumentID>
		<rsm:Interval>
			<rsm:StartDateTime>2008-02-27T13:22:43Z</rsm:StartDateTime>
			<rsm:EndDateTime>2008-05-16T12:26:45Z</rsm:EndDateTime>
		</rsm:Interval>
		<rsm:ProductionMeteringPoint>
			<rsm:VSENationalID schemeID="VSE" schemeAgencyID="260">CH9999901234500000000000000000003</rsm:VSENationalID>
		</rsm:ProductionMeteringPoint>
		<rsm:Product>
			<rsm:ID schemeAgencyID="9">8716867000030</rsm:ID>
			<rsm:MeasureUnit>KWH</rsm:MeasureUnit>
		</rsm:Product>
		<rsm:Observation>
			<rsm:Position>
				<rsm:Sequence>1</rsm:Sequence>
			</rsm:Position>
			<rsm:Volume>502.502</rsm:Volume>
		</rsm:Observation>
	</rsm:MeteringData>
</rsm:ValidatedMeteredData_14>