<?xml version="1.0" encoding="UTF-8"?>
<!-- Mit XMLSpy v2015 sp2 (x64) (http://www.altova.com) von ICS (swissgrid ag) bearbeitet -->
<rsm:NotificationFromMPA_11 xsi:schemaLocation="http://www.strom.ch NotificationFromMPA_1p1.xsd" xmlns:rsm="http://www.strom.ch" xmlns:xsi="http://www.w3.org/2001/XMLSchema-instance">
	<rsm:NotificationFromMPA_HeaderInformation>
		<rsm:HeaderVersion>1.0</rsm:HeaderVersion>
		<rsm:Sender>
			<rsm:ID>
				<rsm:EICID schemeAgencyID="305">12X-PARTY-B-000E</rsm:EICID>
			</rsm:ID>
			<rsm:Role>DDZ</rsm:Role>
		</rsm:Sender>
		<rsm:Receiver>
			<rsm:ID>
				<rsm:EICID schemeAgencyID="305">12X-PARTY-C-0008</rsm:EICID>
			</rsm:ID>
			<rsm:Role>DDQ</rsm:Role>
		</rsm:Receiver>
		<rsm:InstanceDocument>
			<rsm:DictionaryAgencyID>260</rsm:DictionaryAgencyID>
			<rsm:VersionID listAgencyID="260">2007B</rsm:VersionID>
			<rsm:DocumentID>DID_Beispiel_3_3_1_x_EndEinW_31_11a</rsm:DocumentID>
			<rsm:DocumentType listAgencyID="260">
				<rsm:ebIXCode>E44</rsm:ebIXCode>
			</rsm:DocumentType>
			<rsm:Creation>2008-06-13T13:13:13Z</rsm:Creation>
			<rsm:Status>9</rsm:Status>
		</rsm:InstanceDocument>
		<rsm:BusinessScopeProcess>
			<rsm:BusinessReasonType codeListAgency="260">
				<rsm:ebIXCode>E93</rsm:ebIXCode>
			</rsm:BusinessReasonType>
			<rsm:BusinessDomainType listAgencyID="260">E01</rsm:BusinessDomainType>
			<rsm:BusinessSectorType>23</rsm:BusinessSectorType>
			<rsm:BusinessService>
				<rsm:ServiceTransaction isIntelligibleCheckRequired="true"/>
			</rsm:BusinessService>
		</rsm:BusinessScopeProcess>
	</rsm:NotificationFromMPA_HeaderInformation>
	<rsm:Switch>
		<rsm:DocumentID>DID_Beispiel_3_3_1_x_EndEinW_31_11b</rsm:DocumentID>
		<rsm:MeteringPoint>
			<rsm:VSENationalID schemeID="VSE" schemeAgencyID="260">CH9999901234500000000000000000002</rsm:VSENationalID>
			<rsm:SwitchDate>
				<rsm:EndDate>2017-07-13</rsm:EndDate>
			</rsm:SwitchDate>
		</rsm:MeteringPoint>
		<rsm:BusinessProcessID>BusPID_Beispiel_3_3_1_4_EndEW_11_1a</rsm:BusinessProcessID>
	</rsm:Switch>
</rsm:NotificationFromMPA_11>
