<?xml version="1.0" encoding="UTF-8"?>
<!-- Mit XMLSpy v2015 sp2 (x64) (http://www.altova.com) von ICS (swissgrid ag) bearbeitet -->
<rsm:AggregatedMeteredData_11 xsi:schemaLocation="http://www.strom.ch AggregatedMeteredData_1p1.xsd" xmlns:rsm="http://www.strom.ch" xmlns:xsi="http://www.w3.org/2001/XMLSchema-instance">
	<rsm:AggregatedMeteredData_HeaderInformation>
		<rsm:HeaderVersion>1.0</rsm:HeaderVersion>
		<rsm:Sender>
			<rsm:ID>
				<rsm:EICID schemeAgencyID="305">12X-PARTY-A-000K</rsm:EICID>
			</rsm:ID>
			<rsm:Role>DEA</rsm:Role>
		</rsm:Sender>
		<rsm:Receiver>
			<rsm:ID>
				<rsm:EICID schemeAgencyID="305">12X-PARTY-B-000E</rsm:EICID>
			</rsm:ID>
			<rsm:Role>Z04</rsm:Role>
		</rsm:Receiver>
		<rsm:InstanceDocument>
			<rsm:DictionaryAgencyID>260</rsm:DictionaryAgencyID>
			<rsm:VersionID listAgencyID="260">2007B</rsm:VersionID>
			<rsm:DocumentID>DID_Beispiel_3_5_9_x_QMPVAD_21_11a</rsm:DocumentID>
			<rsm:DocumentType listAgencyID="260">
				<rsm:ebIXCode>E31</rsm:ebIXCode>
			</rsm:DocumentType>
			<rsm:Creation>2008-06-07T14:20:05Z</rsm:Creation>
			<rsm:Status>9</rsm:Status>
		</rsm:InstanceDocument>
		<rsm:BusinessScopeProcess>
			<rsm:BusinessReasonType codeListAgency="260">
				<rsm:ebIXCode>E44</rsm:ebIXCode>
			</rsm:BusinessReasonType>
			<rsm:BusinessDomainType listAgencyID="260">E02</rsm:BusinessDomainType>
			<rsm:BusinessSectorType>23</rsm:BusinessSectorType>
			<rsm:ReportPeriod>
				<rsm:StartDateTime>2008-06-05T22:00:00Z</rsm:StartDateTime>
				<rsm:EndDateTime>2008-06-06T22:00:00Z</rsm:EndDateTime>
			</rsm:ReportPeriod>
			<rsm:BusinessService>
				<rsm:ServiceTransaction isIntelligibleCheckRequired="true"/>
			</rsm:BusinessService>
		</rsm:BusinessScopeProcess>
	</rsm:AggregatedMeteredData_HeaderInformation>
	<rsm:MeteringData>
		<rsm:DocumentID>DID_Beispiel_3_5_9_x_QMPVAD_21_11b</rsm:DocumentID>
		<rsm:RequestedTransaction>
			<rsm:Status>39</rsm:Status>
		</rsm:RequestedTransaction>
		<rsm:ReferenceToRequestingDocumentID>DID_Beispiel_3_5_9_x_QMPVAD_20_11b</rsm:ReferenceToRequestingDocumentID>
		<rsm:Interval>
			<rsm:StartDateTime>2008-06-05T22:00:00Z</rsm:StartDateTime>
			<rsm:EndDateTime>2008-06-06T22:00:00Z</rsm:EndDateTime>
		</rsm:Interval>
		<rsm:Resolution>
			<rsm:Resolution>15</rsm:Resolution>
			<rsm:Unit>MIN</rsm:Unit>
		</rsm:Resolution>
		<rsm:MeteringGridArea>
			<rsm:EICID schemeAgencyID="305">12Y-AREA-A-00009</rsm:EICID>
		</rsm:MeteringGridArea>
		<rsm:Product>
			<rsm:ID schemeAgencyID="9">8716867000030</rsm:ID>
			<rsm:MeasureUnit>KWH</rsm:MeasureUnit>
		</rsm:Product>
		<rsm:AggregationCriteria>
			<rsm:FlowCharacteristic listAgencyID="260">E17</rsm:FlowCharacteristic>
			<rsm:SettlementMethodCharacteristic listAgencyID="260">E02</rsm:SettlementMethodCharacteristic>
			<rsm:BalanceResponsible>
				<rsm:EICID schemeAgencyID="305">12X-PARTY-K-000Y</rsm:EICID>
			</rsm:BalanceResponsible>
		</rsm:AggregationCriteria>
		<rsm:Observation>
			<rsm:Position>
				<rsm:Sequence>1</rsm:Sequence>
			</rsm:Position>
			<rsm:Volume>500</rsm:Volume>
			<rsm:Condition>21</rsm:Condition>
		</rsm:Observation>
		<rsm:Observation>
			<rsm:Position>
				<rsm:Sequence>2</rsm:Sequence>
			</rsm:Position>
			<rsm:Volume>501</rsm:Volume>
			<rsm:Condition>56</rsm:Condition>
		</rsm:Observation>
		<rsm:Observation>
			<rsm:Position>
				<rsm:Sequence>3</rsm:Sequence>
			</rsm:Position>
			<rsm:Volume>502.502</rsm:Volume>
		</rsm:Observation>
		<rsm:Observation>
			<rsm:Position>
				<rsm:Sequence>4</rsm:Sequence>
			</rsm:Position>
			<rsm:Volume>503</rsm:Volume>
		</rsm:Observation>
		<rsm:Observation>
			<rsm:Position>
				<rsm:Sequence>5</rsm:Sequence>
			</rsm:Position>
			<rsm:Volume>504</rsm:Volume>
		</rsm:Observation>
		<rsm:Observation>
			<rsm:Position>
				<rsm:Sequence>6</rsm:Sequence>
			</rsm:Position>
			<rsm:Volume>505</rsm:Volume>
		</rsm:Observation>
		<rsm:Observation>
			<rsm:Position>
				<rsm:Sequence>7</rsm:Sequence>
			</rsm:Position>
			<rsm:Volume>506</rsm:Volume>
		</rsm:Observation>
		<rsm:Observation>
			<rsm:Position>
				<rsm:Sequence>8</rsm:Sequence>
			</rsm:Position>
			<rsm:Volume>507</rsm:Volume>
		</rsm:Observation>
		<rsm:Observation>
			<rsm:Position>
				<rsm:Sequence>9</rsm:Sequence>
			</rsm:Position>
			<rsm:Volume>508</rsm:Volume>
		</rsm:Observation>
		<rsm:Observation>
			<rsm:Position>
				<rsm:Sequence>10</rsm:Sequence>
			</rsm:Position>
			<rsm:Volume>509</rsm:Volume>
		</rsm:Observation>
		<rsm:Observation>
			<rsm:Position>
				<rsm:Sequence>11</rsm:Sequence>
			</rsm:Position>
			<rsm:Volume>510</rsm:Volume>
		</rsm:Observation>
		<rsm:Observation>
			<rsm:Position>
				<rsm:Sequence>12</rsm:Sequence>
			</rsm:Position>
			<rsm:Volume>511</rsm:Volume>
		</rsm:Observation>
		<rsm:Observation>
			<rsm:Position>
				<rsm:Sequence>13</rsm:Sequence>
			</rsm:Position>
			<rsm:Volume>512</rsm:Volume>
		</rsm:Observation>
		<rsm:Observation>
			<rsm:Position>
				<rsm:Sequence>14</rsm:Sequence>
			</rsm:Position>
			<rsm:Volume>513</rsm:Volume>
		</rsm:Observation>
		<rsm:Observation>
			<rsm:Position>
				<rsm:Sequence>15</rsm:Sequence>
			</rsm:Position>
			<rsm:Volume>514</rsm:Volume>
		</rsm:Observation>
		<rsm:Observation>
			<rsm:Position>
				<rsm:Sequence>16</rsm:Sequence>
			</rsm:Position>
			<rsm:Volume>515</rsm:Volume>
		</rsm:Observation>
		<rsm:Observation>
			<rsm:Position>
				<rsm:Sequence>17</rsm:Sequence>
			</rsm:Position>
			<rsm:Volume>516</rsm:Volume>
		</rsm:Observation>
		<rsm:Observation>
			<rsm:Position>
				<rsm:Sequence>18</rsm:Sequence>
			</rsm:Position>
			<rsm:Volume>517</rsm:Volume>
		</rsm:Observation>
		<rsm:Observation>
			<rsm:Position>
				<rsm:Sequence>19</rsm:Sequence>
			</rsm:Position>
			<rsm:Volume>518</rsm:Volume>
		</rsm:Observation>
		<rsm:Observation>
			<rsm:Position>
				<rsm:Sequence>20</rsm:Sequence>
			</rsm:Position>
			<rsm:Volume>519</rsm:Volume>
		</rsm:Observation>
		<rsm:Observation>
			<rsm:Position>
				<rsm:Sequence>21</rsm:Sequence>
			</rsm:Position>
			<rsm:Volume>520</rsm:Volume>
		</rsm:Observation>
		<rsm:Observation>
			<rsm:Position>
				<rsm:Sequence>22</rsm:Sequence>
			</rsm:Position>
			<rsm:Volume>521</rsm:Volume>
		</rsm:Observation>
		<rsm:Observation>
			<rsm:Position>
				<rsm:Sequence>23</rsm:Sequence>
			</rsm:Position>
			<rsm:Volume>522</rsm:Volume>
		</rsm:Observation>
		<rsm:Observation>
			<rsm:Position>
				<rsm:Sequence>24</rsm:Sequence>
			</rsm:Position>
			<rsm:Volume>523</rsm:Volume>
		</rsm:Observation>
		<rsm:Observation>
			<rsm:Position>
				<rsm:Sequence>25</rsm:Sequence>
			</rsm:Position>
			<rsm:Volume>524</rsm:Volume>
		</rsm:Observation>
		<rsm:Observation>
			<rsm:Position>
				<rsm:Sequence>26</rsm:Sequence>
			</rsm:Position>
			<rsm:Volume>525</rsm:Volume>
		</rsm:Observation>
		<rsm:Observation>
			<rsm:Position>
				<rsm:Sequence>27</rsm:Sequence>
			</rsm:Position>
			<rsm:Volume>526</rsm:Volume>
		</rsm:Observation>
		<rsm:Observation>
			<rsm:Position>
				<rsm:Sequence>28</rsm:Sequence>
			</rsm:Position>
			<rsm:Volume>527</rsm:Volume>
		</rsm:Observation>
		<rsm:Observation>
			<rsm:Position>
				<rsm:Sequence>29</rsm:Sequence>
			</rsm:Position>
			<rsm:Volume>528</rsm:Volume>
		</rsm:Observation>
		<rsm:Observation>
			<rsm:Position>
				<rsm:Sequence>30</rsm:Sequence>
			</rsm:Position>
			<rsm:Volume>529</rsm:Volume>
		</rsm:Observation>
		<rsm:Observation>
			<rsm:Position>
				<rsm:Sequence>31</rsm:Sequence>
			</rsm:Position>
			<rsm:Volume>530</rsm:Volume>
		</rsm:Observation>
		<rsm:Observation>
			<rsm:Position>
				<rsm:Sequence>32</rsm:Sequence>
			</rsm:Position>
			<rsm:Volume>531</rsm:Volume>
		</rsm:Observation>
		<rsm:Observation>
			<rsm:Position>
				<rsm:Sequence>33</rsm:Sequence>
			</rsm:Position>
			<rsm:Volume>532</rsm:Volume>
		</rsm:Observation>
		<rsm:Observation>
			<rsm:Position>
				<rsm:Sequence>34</rsm:Sequence>
			</rsm:Position>
			<rsm:Volume>533</rsm:Volume>
		</rsm:Observation>
		<rsm:Observation>
			<rsm:Position>
				<rsm:Sequence>35</rsm:Sequence>
			</rsm:Position>
			<rsm:Volume>534</rsm:Volume>
		</rsm:Observation>
		<rsm:Observation>
			<rsm:Position>
				<rsm:Sequence>36</rsm:Sequence>
			</rsm:Position>
			<rsm:Volume>535</rsm:Volume>
		</rsm:Observation>
		<rsm:Observation>
			<rsm:Position>
				<rsm:Sequence>37</rsm:Sequence>
			</rsm:Position>
			<rsm:Volume>536</rsm:Volume>
		</rsm:Observation>
		<rsm:Observation>
			<rsm:Position>
				<rsm:Sequence>38</rsm:Sequence>
			</rsm:Position>
			<rsm:Volume>537</rsm:Volume>
		</rsm:Observation>
		<rsm:Observation>
			<rsm:Position>
				<rsm:Sequence>39</rsm:Sequence>
			</rsm:Position>
			<rsm:Volume>538</rsm:Volume>
		</rsm:Observation>
		<rsm:Observation>
			<rsm:Position>
				<rsm:Sequence>40</rsm:Sequence>
			</rsm:Position>
			<rsm:Volume>539</rsm:Volume>
		</rsm:Observation>
		<rsm:Observation>
			<rsm:Position>
				<rsm:Sequence>41</rsm:Sequence>
			</rsm:Position>
			<rsm:Volume>540</rsm:Volume>
		</rsm:Observation>
		<rsm:Observation>
			<rsm:Position>
				<rsm:Sequence>42</rsm:Sequence>
			</rsm:Position>
			<rsm:Volume>541</rsm:Volume>
		</rsm:Observation>
		<rsm:Observation>
			<rsm:Position>
				<rsm:Sequence>43</rsm:Sequence>
			</rsm:Position>
			<rsm:Volume>542</rsm:Volume>
		</rsm:Observation>
		<rsm:Observation>
			<rsm:Position>
				<rsm:Sequence>44</rsm:Sequence>
			</rsm:Position>
			<rsm:Volume>543</rsm:Volume>
		</rsm:Observation>
		<rsm:Observation>
			<rsm:Position>
				<rsm:Sequence>45</rsm:Sequence>
			</rsm:Position>
			<rsm:Volume>544</rsm:Volume>
		</rsm:Observation>
		<rsm:Observation>
			<rsm:Position>
				<rsm:Sequence>46</rsm:Sequence>
			</rsm:Position>
			<rsm:Volume>545</rsm:Volume>
		</rsm:Observation>
		<rsm:Observation>
			<rsm:Position>
				<rsm:Sequence>47</rsm:Sequence>
			</rsm:Position>
			<rsm:Volume>546</rsm:Volume>
		</rsm:Observation>
		<rsm:Observation>
			<rsm:Position>
				<rsm:Sequence>48</rsm:Sequence>
			</rsm:Position>
			<rsm:Volume>547</rsm:Volume>
		</rsm:Observation>
		<rsm:Observation>
			<rsm:Position>
				<rsm:Sequence>49</rsm:Sequence>
			</rsm:Position>
			<rsm:Volume>548</rsm:Volume>
		</rsm:Observation>
		<rsm:Observation>
			<rsm:Position>
				<rsm:Sequence>50</rsm:Sequence>
			</rsm:Position>
			<rsm:Volume>549</rsm:Volume>
		</rsm:Observation>
		<rsm:Observation>
			<rsm:Position>
				<rsm:Sequence>51</rsm:Sequence>
			</rsm:Position>
			<rsm:Volume>550</rsm:Volume>
		</rsm:Observation>
		<rsm:Observation>
			<rsm:Position>
				<rsm:Sequence>52</rsm:Sequence>
			</rsm:Position>
			<rsm:Volume>551</rsm:Volume>
		</rsm:Observation>
		<rsm:Observation>
			<rsm:Position>
				<rsm:Sequence>53</rsm:Sequence>
			</rsm:Position>
			<rsm:Volume>552</rsm:Volume>
		</rsm:Observation>
		<rsm:Observation>
			<rsm:Position>
				<rsm:Sequence>54</rsm:Sequence>
			</rsm:Position>
			<rsm:Volume>553</rsm:Volume>
		</rsm:Observation>
		<rsm:Observation>
			<rsm:Position>
				<rsm:Sequence>55</rsm:Sequence>
			</rsm:Position>
			<rsm:Volume>554</rsm:Volume>
		</rsm:Observation>
		<rsm:Observation>
			<rsm:Position>
				<rsm:Sequence>56</rsm:Sequence>
			</rsm:Position>
			<rsm:Volume>555</rsm:Volume>
		</rsm:Observation>
		<rsm:Observation>
			<rsm:Position>
				<rsm:Sequence>57</rsm:Sequence>
			</rsm:Position>
			<rsm:Volume>556</rsm:Volume>
		</rsm:Observation>
		<rsm:Observation>
			<rsm:Position>
				<rsm:Sequence>58</rsm:Sequence>
			</rsm:Position>
			<rsm:Volume>557</rsm:Volume>
		</rsm:Observation>
		<rsm:Observation>
			<rsm:Position>
				<rsm:Sequence>59</rsm:Sequence>
			</rsm:Position>
			<rsm:Volume>558</rsm:Volume>
		</rsm:Observation>
		<rsm:Observation>
			<rsm:Position>
				<rsm:Sequence>60</rsm:Sequence>
			</rsm:Position>
			<rsm:Volume>559</rsm:Volume>
		</rsm:Observation>
		<rsm:Observation>
			<rsm:Position>
				<rsm:Sequence>61</rsm:Sequence>
			</rsm:Position>
			<rsm:Volume>560</rsm:Volume>
		</rsm:Observation>
		<rsm:Observation>
			<rsm:Position>
				<rsm:Sequence>62</rsm:Sequence>
			</rsm:Position>
			<rsm:Volume>561</rsm:Volume>
		</rsm:Observation>
		<rsm:Observation>
			<rsm:Position>
				<rsm:Sequence>63</rsm:Sequence>
			</rsm:Position>
			<rsm:Volume>562</rsm:Volume>
		</rsm:Observation>
		<rsm:Observation>
			<rsm:Position>
				<rsm:Sequence>64</rsm:Sequence>
			</rsm:Position>
			<rsm:Volume>563</rsm:Volume>
		</rsm:Observation>
		<rsm:Observation>
			<rsm:Position>
				<rsm:Sequence>65</rsm:Sequence>
			</rsm:Position>
			<rsm:Volume>564</rsm:Volume>
		</rsm:Observation>
		<rsm:Observation>
			<rsm:Position>
				<rsm:Sequence>66</rsm:Sequence>
			</rsm:Position>
			<rsm:Volume>565</rsm:Volume>
		</rsm:Observation>
		<rsm:Observation>
			<rsm:Position>
				<rsm:Sequence>67</rsm:Sequence>
			</rsm:Position>
			<rsm:Volume>566</rsm:Volume>
		</rsm:Observation>
		<rsm:Observation>
			<rsm:Position>
				<rsm:Sequence>68</rsm:Sequence>
			</rsm:Position>
			<rsm:Volume>567</rsm:Volume>
		</rsm:Observation>
		<rsm:Observation>
			<rsm:Position>
				<rsm:Sequence>69</rsm:Sequence>
			</rsm:Position>
			<rsm:Volume>568</rsm:Volume>
		</rsm:Observation>
		<rsm:Observation>
			<rsm:Position>
				<rsm:Sequence>70</rsm:Sequence>
			</rsm:Position>
			<rsm:Volume>569</rsm:Volume>
		</rsm:Observation>
		<rsm:Observation>
			<rsm:Position>
				<rsm:Sequence>71</rsm:Sequence>
			</rsm:Position>
			<rsm:Volume>570</rsm:Volume>
		</rsm:Observation>
		<rsm:Observation>
			<rsm:Position>
				<rsm:Sequence>72</rsm:Sequence>
			</rsm:Position>
			<rsm:Volume>571</rsm:Volume>
		</rsm:Observation>
		<rsm:Observation>
			<rsm:Position>
				<rsm:Sequence>73</rsm:Sequence>
			</rsm:Position>
			<rsm:Volume>572</rsm:Volume>
		</rsm:Observation>
		<rsm:Observation>
			<rsm:Position>
				<rsm:Sequence>74</rsm:Sequence>
			</rsm:Position>
			<rsm:Volume>573</rsm:Volume>
		</rsm:Observation>
		<rsm:Observation>
			<rsm:Position>
				<rsm:Sequence>75</rsm:Sequence>
			</rsm:Position>
			<rsm:Volume>574</rsm:Volume>
		</rsm:Observation>
		<rsm:Observation>
			<rsm:Position>
				<rsm:Sequence>76</rsm:Sequence>
			</rsm:Position>
			<rsm:Volume>575</rsm:Volume>
		</rsm:Observation>
		<rsm:Observation>
			<rsm:Position>
				<rsm:Sequence>77</rsm:Sequence>
			</rsm:Position>
			<rsm:Volume>576</rsm:Volume>
		</rsm:Observation>
		<rsm:Observation>
			<rsm:Position>
				<rsm:Sequence>78</rsm:Sequence>
			</rsm:Position>
			<rsm:Volume>577</rsm:Volume>
		</rsm:Observation>
		<rsm:Observation>
			<rsm:Position>
				<rsm:Sequence>79</rsm:Sequence>
			</rsm:Position>
			<rsm:Volume>578</rsm:Volume>
		</rsm:Observation>
		<rsm:Observation>
			<rsm:Position>
				<rsm:Sequence>80</rsm:Sequence>
			</rsm:Position>
			<rsm:Volume>579</rsm:Volume>
		</rsm:Observation>
		<rsm:Observation>
			<rsm:Position>
				<rsm:Sequence>81</rsm:Sequence>
			</rsm:Position>
			<rsm:Volume>580</rsm:Volume>
		</rsm:Observation>
		<rsm:Observation>
			<rsm:Position>
				<rsm:Sequence>82</rsm:Sequence>
			</rsm:Position>
			<rsm:Volume>581</rsm:Volume>
		</rsm:Observation>
		<rsm:Observation>
			<rsm:Position>
				<rsm:Sequence>83</rsm:Sequence>
			</rsm:Position>
			<rsm:Volume>582</rsm:Volume>
		</rsm:Observation>
		<rsm:Observation>
			<rsm:Position>
				<rsm:Sequence>84</rsm:Sequence>
			</rsm:Position>
			<rsm:Volume>583</rsm:Volume>
		</rsm:Observation>
		<rsm:Observation>
			<rsm:Position>
				<rsm:Sequence>85</rsm:Sequence>
			</rsm:Position>
			<rsm:Volume>584</rsm:Volume>
		</rsm:Observation>
		<rsm:Observation>
			<rsm:Position>
				<rsm:Sequence>86</rsm:Sequence>
			</rsm:Position>
			<rsm:Volume>585</rsm:Volume>
		</rsm:Observation>
		<rsm:Observation>
			<rsm:Position>
				<rsm:Sequence>87</rsm:Sequence>
			</rsm:Position>
			<rsm:Volume>586</rsm:Volume>
		</rsm:Observation>
		<rsm:Observation>
			<rsm:Position>
				<rsm:Sequence>88</rsm:Sequence>
			</rsm:Position>
			<rsm:Volume>587</rsm:Volume>
		</rsm:Observation>
		<rsm:Observation>
			<rsm:Position>
				<rsm:Sequence>89</rsm:Sequence>
			</rsm:Position>
			<rsm:Volume>588</rsm:Volume>
		</rsm:Observation>
		<rsm:Observation>
			<rsm:Position>
				<rsm:Sequence>90</rsm:Sequence>
			</rsm:Position>
			<rsm:Volume>589</rsm:Volume>
		</rsm:Observation>
		<rsm:Observation>
			<rsm:Position>
				<rsm:Sequence>91</rsm:Sequence>
			</rsm:Position>
			<rsm:Volume>590</rsm:Volume>
		</rsm:Observation>
		<rsm:Observation>
			<rsm:Position>
				<rsm:Sequence>92</rsm:Sequence>
			</rsm:Position>
			<rsm:Volume>591</rsm:Volume>
		</rsm:Observation>
		<rsm:Observation>
			<rsm:Position>
				<rsm:Sequence>93</rsm:Sequence>
			</rsm:Position>
			<rsm:Volume>592</rsm:Volume>
		</rsm:Observation>
		<rsm:Observation>
			<rsm:Position>
				<rsm:Sequence>94</rsm:Sequence>
			</rsm:Position>
			<rsm:Volume>593</rsm:Volume>
		</rsm:Observation>
		<rsm:Observation>
			<rsm:Position>
				<rsm:Sequence>95</rsm:Sequence>
			</rsm:Position>
			<rsm:Volume>594</rsm:Volume>
		</rsm:Observation>
		<rsm:Observation>
			<rsm:Position>
				<rsm:Sequence>96</rsm:Sequence>
			</rsm:Position>
			<rsm:Volume>595</rsm:Volume>
		</rsm:Observation>
	</rsm:MeteringData>
</rsm:AggregatedMeteredData_11>
