<?xml version="1.0" encoding="UTF-8"?>
<rsm:AcknowledgementOfAcceptance_11 xsi:schemaLocation="http://www.strom.ch AcknowledgementOfAcceptance_1p1.xsd" xmlns:rsm="http://www.strom.ch" xmlns:xsi="http://www.w3.org/2001/XMLSchema-instance">
	<rsm:AcknowledgementOfAcceptance_HeaderInformation>
		<rsm:HeaderVersion>1.0</rsm:HeaderVersion>
		<rsm:Sender>
			<rsm:ID>
				<rsm:EICID schemeAgencyID="305">12X-PARTY-B-000E</rsm:EICID>
			</rsm:ID>
			<rsm:Role>PQ</rsm:Role>
		</rsm:Sender>
		<rsm:Receiver>
			<rsm:ID>
				<rsm:EICID schemeAgencyID="305">12X-PARTY-A-000K</rsm:EICID>
			</rsm:ID>
			<rsm:Role>MDR</rsm:Role>
		</rsm:Receiver>
		<rsm:InstanceDocument>
			<rsm:DictionaryAgencyID>260</rsm:DictionaryAgencyID>
			<rsm:VersionID listAgencyID="260">2007B</rsm:VersionID>
			<rsm:DocumentID>DID_AckOfAcc_Z1_3_3_3_EinHKN_10_11a</rsm:DocumentID>
			<rsm:DocumentType>
				<rsm:CefactCode>312</rsm:CefactCode>
			</rsm:DocumentType>
			<rsm:Creation>2008-06-04T11:59:13Z</rsm:Creation>
			<rsm:Status>9</rsm:Status>
		</rsm:InstanceDocument>
		<rsm:BusinessScopeProcess>
			<rsm:BusinessDomainType listAgencyID="260">E02</rsm:BusinessDomainType>
			<rsm:BusinessSectorType>23</rsm:BusinessSectorType>
			<rsm:BusinessService>
				<rsm:ServiceTransaction isIntelligibleCheckRequired="false"/>
			</rsm:BusinessService>
		</rsm:BusinessScopeProcess>
	</rsm:AcknowledgementOfAcceptance_HeaderInformation>
	<rsm:InstanceDocumentReference>
		<rsm:DocumentID>DID_ZusDok1_3_3_3_EinspHKN_10_11a</rsm:DocumentID>
		<rsm:DocumentType listAgencyID="260">
			<rsm:ebIXCode>E66</rsm:ebIXCode>
		</rsm:DocumentType>
		<rsm:Creation>2008-06-04T11:57:13Z</rsm:Creation>
		<rsm:OriginalDocument>
			<rsm:Status>39</rsm:Status>
		</rsm:OriginalDocument>
	</rsm:InstanceDocumentReference>
</rsm:AcknowledgementOfAcceptance_11>
