<?xml version="1.0" encoding="UTF-8"?>
<rsm:AggregatedMeteredData_11 xsi:schemaLocation="http://www.strom.ch AggregatedMeteredData_1p1.xsd" xmlns:rsm="http://www.strom.ch" xmlns:xsi="http://www.w3.org/2001/XMLSchema-instance">
	<rsm:AggregatedMeteredData_HeaderInformation>
		<rsm:HeaderVersion>1.0</rsm:HeaderVersion>
		<rsm:Sender>
			<rsm:ID>
				<rsm:EICID schemeAgencyID="305">12X-PARTY-A-000K</rsm:EICID>
			</rsm:ID>
			<rsm:Role>DEA</rsm:Role>
		</rsm:Sender>
		<rsm:Receiver>
			<rsm:ID>
				<rsm:EICID schemeAgencyID="305">12X-PARTY-L-000S</rsm:EICID>
			</rsm:ID>
			<rsm:Role>DDK</rsm:Role>
		</rsm:Receiver>
		<rsm:InstanceDocument>
			<rsm:DictionaryAgencyID>260</rsm:DictionaryAgencyID>
			<rsm:VersionID listAgencyID="260">2007B</rsm:VersionID>
			<rsm:DocumentID>DID_Beispiel_4_6_x_BGAbrBGV__40_11a</rsm:DocumentID>
			<rsm:DocumentType listAgencyID="260">
				<rsm:ebIXCode>E31</rsm:ebIXCode>
			</rsm:DocumentType>
			<rsm:Creation>2008-06-10T11:20:05Z</rsm:Creation>
			<rsm:Status>9</rsm:Status>
		</rsm:InstanceDocument>
		<rsm:BusinessScopeProcess>
			<rsm:BusinessReasonType codeListAgency="260">
				<rsm:ebIXCode>E44</rsm:ebIXCode>
			</rsm:BusinessReasonType>
			<rsm:BusinessDomainType listAgencyID="260">E02</rsm:BusinessDomainType>
			<rsm:BusinessSectorType>23</rsm:BusinessSectorType>
			<rsm:ReportPeriod>
				<rsm:StartDateTime>2008-06-08T22:00:00Z</rsm:StartDateTime>
				<rsm:EndDateTime>2008-06-09T22:00:00Z</rsm:EndDateTime>
			</rsm:ReportPeriod>
			<rsm:BusinessService>
				<rsm:ServiceTransaction isIntelligibleCheckRequired="true"/>
			</rsm:BusinessService>
		</rsm:BusinessScopeProcess>
	</rsm:AggregatedMeteredData_HeaderInformation>
	<rsm:MeteringData>
		<rsm:DocumentID>DID_Beispiel_4_6_x_BGAbrBGV__40_11b</rsm:DocumentID>
		<rsm:Interval>
			<rsm:StartDateTime>2008-06-08T22:00:00Z</rsm:StartDateTime>
			<rsm:EndDateTime>2008-06-09T22:00:00Z</rsm:EndDateTime>
		</rsm:Interval>
		<rsm:Resolution>
			<rsm:Resolution>15</rsm:Resolution>
			<rsm:Unit>MIN</rsm:Unit>
		</rsm:Resolution>
		<rsm:MeteringGridArea>
			<rsm:EICID schemeAgencyID="305">12Y-AREA-B-00002</rsm:EICID>
		</rsm:MeteringGridArea>
		<rsm:Product>
			<rsm:ID schemeAgencyID="9">8716867000030</rsm:ID>
			<rsm:MeasureUnit>KWH</rsm:MeasureUnit>
		</rsm:Product>
		<rsm:AggregationCriteria>
			<rsm:FlowCharacteristic listAgencyID="260">E17</rsm:FlowCharacteristic>
			<rsm:SettlementMethodCharacteristic listAgencyID="260">E02</rsm:SettlementMethodCharacteristic>
			<rsm:BalanceResponsible>
				<rsm:EICID schemeAgencyID="305">12X-PARTY-L-000S</rsm:EICID>
			</rsm:BalanceResponsible>
			<rsm:BalanceSupplier>
				<rsm:EICID schemeAgencyID="305">12X-PARTY-B-000E</rsm:EICID>
			</rsm:BalanceSupplier>
		</rsm:AggregationCriteria>
		<rsm:Observation>
			<rsm:Position>
				<rsm:Sequence>1</rsm:Sequence>
			</rsm:Position>
			<rsm:Volume>600</rsm:Volume>
			<rsm:Condition>21</rsm:Condition>
		</rsm:Observation>
		<rsm:Observation>
			<rsm:Position>
				<rsm:Sequence>2</rsm:Sequence>
			</rsm:Position>
			<rsm:Volume>601</rsm:Volume>
			<rsm:Condition>56</rsm:Condition>
		</rsm:Observation>
		<rsm:Observation>
			<rsm:Position>
				<rsm:Sequence>3</rsm:Sequence>
			</rsm:Position>
			<rsm:Volume>602.602</rsm:Volume>
		</rsm:Observation>
		<rsm:Observation>
			<rsm:Position>
				<rsm:Sequence>4</rsm:Sequence>
			</rsm:Position>
			<rsm:Volume>603</rsm:Volume>
		</rsm:Observation>
		<rsm:Observation>
			<rsm:Position>
				<rsm:Sequence>5</rsm:Sequence>
			</rsm:Position>
			<rsm:Volume>604</rsm:Volume>
		</rsm:Observation>
		<rsm:Observation>
			<rsm:Position>
				<rsm:Sequence>6</rsm:Sequence>
			</rsm:Position>
			<rsm:Volume>605</rsm:Volume>
		</rsm:Observation>
		<rsm:Observation>
			<rsm:Position>
				<rsm:Sequence>7</rsm:Sequence>
			</rsm:Position>
			<rsm:Volume>606</rsm:Volume>
		</rsm:Observation>
		<rsm:Observation>
			<rsm:Position>
				<rsm:Sequence>8</rsm:Sequence>
			</rsm:Position>
			<rsm:Volume>607</rsm:Volume>
		</rsm:Observation>
		<rsm:Observation>
			<rsm:Position>
				<rsm:Sequence>9</rsm:Sequence>
			</rsm:Position>
			<rsm:Volume>608</rsm:Volume>
		</rsm:Observation>
		<rsm:Observation>
			<rsm:Position>
				<rsm:Sequence>10</rsm:Sequence>
			</rsm:Position>
			<rsm:Volume>609</rsm:Volume>
		</rsm:Observation>
		<rsm:Observation>
			<rsm:Position>
				<rsm:Sequence>11</rsm:Sequence>
			</rsm:Position>
			<rsm:Volume>610</rsm:Volume>
		</rsm:Observation>
		<rsm:Observation>
			<rsm:Position>
				<rsm:Sequence>12</rsm:Sequence>
			</rsm:Position>
			<rsm:Volume>611</rsm:Volume>
		</rsm:Observation>
		<rsm:Observation>
			<rsm:Position>
				<rsm:Sequence>13</rsm:Sequence>
			</rsm:Position>
			<rsm:Volume>612</rsm:Volume>
		</rsm:Observation>
		<rsm:Observation>
			<rsm:Position>
				<rsm:Sequence>14</rsm:Sequence>
			</rsm:Position>
			<rsm:Volume>613</rsm:Volume>
		</rsm:Observation>
		<rsm:Observation>
			<rsm:Position>
				<rsm:Sequence>15</rsm:Sequence>
			</rsm:Position>
			<rsm:Volume>614</rsm:Volume>
		</rsm:Observation>
		<rsm:Observation>
			<rsm:Position>
				<rsm:Sequence>16</rsm:Sequence>
			</rsm:Position>
			<rsm:Volume>615</rsm:Volume>
		</rsm:Observation>
		<rsm:Observation>
			<rsm:Position>
				<rsm:Sequence>17</rsm:Sequence>
			</rsm:Position>
			<rsm:Volume>616</rsm:Volume>
		</rsm:Observation>
		<rsm:Observation>
			<rsm:Position>
				<rsm:Sequence>18</rsm:Sequence>
			</rsm:Position>
			<rsm:Volume>617</rsm:Volume>
		</rsm:Observation>
		<rsm:Observation>
			<rsm:Position>
				<rsm:Sequence>19</rsm:Sequence>
			</rsm:Position>
			<rsm:Volume>618</rsm:Volume>
		</rsm:Observation>
		<rsm:Observation>
			<rsm:Position>
				<rsm:Sequence>20</rsm:Sequence>
			</rsm:Position>
			<rsm:Volume>619</rsm:Volume>
		</rsm:Observation>
		<rsm:Observation>
			<rsm:Position>
				<rsm:Sequence>21</rsm:Sequence>
			</rsm:Position>
			<rsm:Volume>620</rsm:Volume>
		</rsm:Observation>
		<rsm:Observation>
			<rsm:Position>
				<rsm:Sequence>22</rsm:Sequence>
			</rsm:Position>
			<rsm:Volume>621</rsm:Volume>
		</rsm:Observation>
		<rsm:Observation>
			<rsm:Position>
				<rsm:Sequence>23</rsm:Sequence>
			</rsm:Position>
			<rsm:Volume>622</rsm:Volume>
		</rsm:Observation>
		<rsm:Observation>
			<rsm:Position>
				<rsm:Sequence>24</rsm:Sequence>
			</rsm:Position>
			<rsm:Volume>623</rsm:Volume>
		</rsm:Observation>
		<rsm:Observation>
			<rsm:Position>
				<rsm:Sequence>25</rsm:Sequence>
			</rsm:Position>
			<rsm:Volume>624</rsm:Volume>
		</rsm:Observation>
		<rsm:Observation>
			<rsm:Position>
				<rsm:Sequence>26</rsm:Sequence>
			</rsm:Position>
			<rsm:Volume>625</rsm:Volume>
		</rsm:Observation>
		<rsm:Observation>
			<rsm:Position>
				<rsm:Sequence>27</rsm:Sequence>
			</rsm:Position>
			<rsm:Volume>626</rsm:Volume>
		</rsm:Observation>
		<rsm:Observation>
			<rsm:Position>
				<rsm:Sequence>28</rsm:Sequence>
			</rsm:Position>
			<rsm:Volume>627</rsm:Volume>
		</rsm:Observation>
		<rsm:Observation>
			<rsm:Position>
				<rsm:Sequence>29</rsm:Sequence>
			</rsm:Position>
			<rsm:Volume>628</rsm:Volume>
		</rsm:Observation>
		<rsm:Observation>
			<rsm:Position>
				<rsm:Sequence>30</rsm:Sequence>
			</rsm:Position>
			<rsm:Volume>629</rsm:Volume>
		</rsm:Observation>
		<rsm:Observation>
			<rsm:Position>
				<rsm:Sequence>31</rsm:Sequence>
			</rsm:Position>
			<rsm:Volume>630</rsm:Volume>
		</rsm:Observation>
		<rsm:Observation>
			<rsm:Position>
				<rsm:Sequence>32</rsm:Sequence>
			</rsm:Position>
			<rsm:Volume>631</rsm:Volume>
		</rsm:Observation>
		<rsm:Observation>
			<rsm:Position>
				<rsm:Sequence>33</rsm:Sequence>
			</rsm:Position>
			<rsm:Volume>632</rsm:Volume>
		</rsm:Observation>
		<rsm:Observation>
			<rsm:Position>
				<rsm:Sequence>34</rsm:Sequence>
			</rsm:Position>
			<rsm:Volume>633</rsm:Volume>
		</rsm:Observation>
		<rsm:Observation>
			<rsm:Position>
				<rsm:Sequence>35</rsm:Sequence>
			</rsm:Position>
			<rsm:Volume>634</rsm:Volume>
		</rsm:Observation>
		<rsm:Observation>
			<rsm:Position>
				<rsm:Sequence>36</rsm:Sequence>
			</rsm:Position>
			<rsm:Volume>635</rsm:Volume>
		</rsm:Observation>
		<rsm:Observation>
			<rsm:Position>
				<rsm:Sequence>37</rsm:Sequence>
			</rsm:Position>
			<rsm:Volume>636</rsm:Volume>
		</rsm:Observation>
		<rsm:Observation>
			<rsm:Position>
				<rsm:Sequence>38</rsm:Sequence>
			</rsm:Position>
			<rsm:Volume>637</rsm:Volume>
		</rsm:Observation>
		<rsm:Observation>
			<rsm:Position>
				<rsm:Sequence>39</rsm:Sequence>
			</rsm:Position>
			<rsm:Volume>638</rsm:Volume>
		</rsm:Observation>
		<rsm:Observation>
			<rsm:Position>
				<rsm:Sequence>40</rsm:Sequence>
			</rsm:Position>
			<rsm:Volume>639</rsm:Volume>
		</rsm:Observation>
		<rsm:Observation>
			<rsm:Position>
				<rsm:Sequence>41</rsm:Sequence>
			</rsm:Position>
			<rsm:Volume>640</rsm:Volume>
		</rsm:Observation>
		<rsm:Observation>
			<rsm:Position>
				<rsm:Sequence>42</rsm:Sequence>
			</rsm:Position>
			<rsm:Volume>641</rsm:Volume>
		</rsm:Observation>
		<rsm:Observation>
			<rsm:Position>
				<rsm:Sequence>43</rsm:Sequence>
			</rsm:Position>
			<rsm:Volume>642</rsm:Volume>
		</rsm:Observation>
		<rsm:Observation>
			<rsm:Position>
				<rsm:Sequence>44</rsm:Sequence>
			</rsm:Position>
			<rsm:Volume>643</rsm:Volume>
		</rsm:Observation>
		<rsm:Observation>
			<rsm:Position>
				<rsm:Sequence>45</rsm:Sequence>
			</rsm:Position>
			<rsm:Volume>644</rsm:Volume>
		</rsm:Observation>
		<rsm:Observation>
			<rsm:Position>
				<rsm:Sequence>46</rsm:Sequence>
			</rsm:Position>
			<rsm:Volume>645</rsm:Volume>
		</rsm:Observation>
		<rsm:Observation>
			<rsm:Position>
				<rsm:Sequence>47</rsm:Sequence>
			</rsm:Position>
			<rsm:Volume>646</rsm:Volume>
		</rsm:Observation>
		<rsm:Observation>
			<rsm:Position>
				<rsm:Sequence>48</rsm:Sequence>
			</rsm:Position>
			<rsm:Volume>647</rsm:Volume>
		</rsm:Observation>
		<rsm:Observation>
			<rsm:Position>
				<rsm:Sequence>49</rsm:Sequence>
			</rsm:Position>
			<rsm:Volume>648</rsm:Volume>
		</rsm:Observation>
		<rsm:Observation>
			<rsm:Position>
				<rsm:Sequence>50</rsm:Sequence>
			</rsm:Position>
			<rsm:Volume>649</rsm:Volume>
		</rsm:Observation>
		<rsm:Observation>
			<rsm:Position>
				<rsm:Sequence>51</rsm:Sequence>
			</rsm:Position>
			<rsm:Volume>650</rsm:Volume>
		</rsm:Observation>
		<rsm:Observation>
			<rsm:Position>
				<rsm:Sequence>52</rsm:Sequence>
			</rsm:Position>
			<rsm:Volume>651</rsm:Volume>
		</rsm:Observation>
		<rsm:Observation>
			<rsm:Position>
				<rsm:Sequence>53</rsm:Sequence>
			</rsm:Position>
			<rsm:Volume>652</rsm:Volume>
		</rsm:Observation>
		<rsm:Observation>
			<rsm:Position>
				<rsm:Sequence>54</rsm:Sequence>
			</rsm:Position>
			<rsm:Volume>653</rsm:Volume>
		</rsm:Observation>
		<rsm:Observation>
			<rsm:Position>
				<rsm:Sequence>55</rsm:Sequence>
			</rsm:Position>
			<rsm:Volume>654</rsm:Volume>
		</rsm:Observation>
		<rsm:Observation>
			<rsm:Position>
				<rsm:Sequence>56</rsm:Sequence>
			</rsm:Position>
			<rsm:Volume>655</rsm:Volume>
		</rsm:Observation>
		<rsm:Observation>
			<rsm:Position>
				<rsm:Sequence>57</rsm:Sequence>
			</rsm:Position>
			<rsm:Volume>656</rsm:Volume>
		</rsm:Observation>
		<rsm:Observation>
			<rsm:Position>
				<rsm:Sequence>58</rsm:Sequence>
			</rsm:Position>
			<rsm:Volume>657</rsm:Volume>
		</rsm:Observation>
		<rsm:Observation>
			<rsm:Position>
				<rsm:Sequence>59</rsm:Sequence>
			</rsm:Position>
			<rsm:Volume>658</rsm:Volume>
		</rsm:Observation>
		<rsm:Observation>
			<rsm:Position>
				<rsm:Sequence>60</rsm:Sequence>
			</rsm:Position>
			<rsm:Volume>659</rsm:Volume>
		</rsm:Observation>
		<rsm:Observation>
			<rsm:Position>
				<rsm:Sequence>61</rsm:Sequence>
			</rsm:Position>
			<rsm:Volume>660</rsm:Volume>
		</rsm:Observation>
		<rsm:Observation>
			<rsm:Position>
				<rsm:Sequence>62</rsm:Sequence>
			</rsm:Position>
			<rsm:Volume>661</rsm:Volume>
		</rsm:Observation>
		<rsm:Observation>
			<rsm:Position>
				<rsm:Sequence>63</rsm:Sequence>
			</rsm:Position>
			<rsm:Volume>662</rsm:Volume>
		</rsm:Observation>
		<rsm:Observation>
			<rsm:Position>
				<rsm:Sequence>64</rsm:Sequence>
			</rsm:Position>
			<rsm:Volume>663</rsm:Volume>
		</rsm:Observation>
		<rsm:Observation>
			<rsm:Position>
				<rsm:Sequence>65</rsm:Sequence>
			</rsm:Position>
			<rsm:Volume>664</rsm:Volume>
		</rsm:Observation>
		<rsm:Observation>
			<rsm:Position>
				<rsm:Sequence>66</rsm:Sequence>
			</rsm:Position>
			<rsm:Volume>665</rsm:Volume>
		</rsm:Observation>
		<rsm:Observation>
			<rsm:Position>
				<rsm:Sequence>67</rsm:Sequence>
			</rsm:Position>
			<rsm:Volume>666</rsm:Volume>
		</rsm:Observation>
		<rsm:Observation>
			<rsm:Position>
				<rsm:Sequence>68</rsm:Sequence>
			</rsm:Position>
			<rsm:Volume>667</rsm:Volume>
		</rsm:Observation>
		<rsm:Observation>
			<rsm:Position>
				<rsm:Sequence>69</rsm:Sequence>
			</rsm:Position>
			<rsm:Volume>668</rsm:Volume>
		</rsm:Observation>
		<rsm:Observation>
			<rsm:Position>
				<rsm:Sequence>70</rsm:Sequence>
			</rsm:Position>
			<rsm:Volume>669</rsm:Volume>
		</rsm:Observation>
		<rsm:Observation>
			<rsm:Position>
				<rsm:Sequence>71</rsm:Sequence>
			</rsm:Position>
			<rsm:Volume>670</rsm:Volume>
		</rsm:Observation>
		<rsm:Observation>
			<rsm:Position>
				<rsm:Sequence>72</rsm:Sequence>
			</rsm:Position>
			<rsm:Volume>671</rsm:Volume>
		</rsm:Observation>
		<rsm:Observation>
			<rsm:Position>
				<rsm:Sequence>73</rsm:Sequence>
			</rsm:Position>
			<rsm:Volume>672</rsm:Volume>
		</rsm:Observation>
		<rsm:Observation>
			<rsm:Position>
				<rsm:Sequence>74</rsm:Sequence>
			</rsm:Position>
			<rsm:Volume>673</rsm:Volume>
		</rsm:Observation>
		<rsm:Observation>
			<rsm:Position>
				<rsm:Sequence>75</rsm:Sequence>
			</rsm:Position>
			<rsm:Volume>674</rsm:Volume>
		</rsm:Observation>
		<rsm:Observation>
			<rsm:Position>
				<rsm:Sequence>76</rsm:Sequence>
			</rsm:Position>
			<rsm:Volume>675</rsm:Volume>
		</rsm:Observation>
		<rsm:Observation>
			<rsm:Position>
				<rsm:Sequence>77</rsm:Sequence>
			</rsm:Position>
			<rsm:Volume>676</rsm:Volume>
		</rsm:Observation>
		<rsm:Observation>
			<rsm:Position>
				<rsm:Sequence>78</rsm:Sequence>
			</rsm:Position>
			<rsm:Volume>677</rsm:Volume>
		</rsm:Observation>
		<rsm:Observation>
			<rsm:Position>
				<rsm:Sequence>79</rsm:Sequence>
			</rsm:Position>
			<rsm:Volume>678</rsm:Volume>
		</rsm:Observation>
		<rsm:Observation>
			<rsm:Position>
				<rsm:Sequence>80</rsm:Sequence>
			</rsm:Position>
			<rsm:Volume>679</rsm:Volume>
		</rsm:Observation>
		<rsm:Observation>
			<rsm:Position>
				<rsm:Sequence>81</rsm:Sequence>
			</rsm:Position>
			<rsm:Volume>680</rsm:Volume>
		</rsm:Observation>
		<rsm:Observation>
			<rsm:Position>
				<rsm:Sequence>82</rsm:Sequence>
			</rsm:Position>
			<rsm:Volume>681</rsm:Volume>
		</rsm:Observation>
		<rsm:Observation>
			<rsm:Position>
				<rsm:Sequence>83</rsm:Sequence>
			</rsm:Position>
			<rsm:Volume>682</rsm:Volume>
		</rsm:Observation>
		<rsm:Observation>
			<rsm:Position>
				<rsm:Sequence>84</rsm:Sequence>
			</rsm:Position>
			<rsm:Volume>683</rsm:Volume>
		</rsm:Observation>
		<rsm:Observation>
			<rsm:Position>
				<rsm:Sequence>85</rsm:Sequence>
			</rsm:Position>
			<rsm:Volume>684</rsm:Volume>
		</rsm:Observation>
		<rsm:Observation>
			<rsm:Position>
				<rsm:Sequence>86</rsm:Sequence>
			</rsm:Position>
			<rsm:Volume>685</rsm:Volume>
		</rsm:Observation>
		<rsm:Observation>
			<rsm:Position>
				<rsm:Sequence>87</rsm:Sequence>
			</rsm:Position>
			<rsm:Volume>686</rsm:Volume>
		</rsm:Observation>
		<rsm:Observation>
			<rsm:Position>
				<rsm:Sequence>88</rsm:Sequence>
			</rsm:Position>
			<rsm:Volume>687</rsm:Volume>
		</rsm:Observation>
		<rsm:Observation>
			<rsm:Position>
				<rsm:Sequence>89</rsm:Sequence>
			</rsm:Position>
			<rsm:Volume>688</rsm:Volume>
		</rsm:Observation>
		<rsm:Observation>
			<rsm:Position>
				<rsm:Sequence>90</rsm:Sequence>
			</rsm:Position>
			<rsm:Volume>689</rsm:Volume>
		</rsm:Observation>
		<rsm:Observation>
			<rsm:Position>
				<rsm:Sequence>91</rsm:Sequence>
			</rsm:Position>
			<rsm:Volume>690</rsm:Volume>
		</rsm:Observation>
		<rsm:Observation>
			<rsm:Position>
				<rsm:Sequence>92</rsm:Sequence>
			</rsm:Position>
			<rsm:Volume>691</rsm:Volume>
		</rsm:Observation>
		<rsm:Observation>
			<rsm:Position>
				<rsm:Sequence>93</rsm:Sequence>
			</rsm:Position>
			<rsm:Volume>692</rsm:Volume>
		</rsm:Observation>
		<rsm:Observation>
			<rsm:Position>
				<rsm:Sequence>94</rsm:Sequence>
			</rsm:Position>
			<rsm:Volume>693</rsm:Volume>
		</rsm:Observation>
		<rsm:Observation>
			<rsm:Position>
				<rsm:Sequence>95</rsm:Sequence>
			</rsm:Position>
			<rsm:Volume>694</rsm:Volume>
		</rsm:Observation>
		<rsm:Observation>
			<rsm:Position>
				<rsm:Sequence>96</rsm:Sequence>
			</rsm:Position>
			<rsm:Volume>695</rsm:Volume>
		</rsm:Observation>
	</rsm:MeteringData>
	<rsm:MeteringData>
		<rsm:DocumentID>DID_Beispiel_4_6_x_BGAbrBGV__40_11c</rsm:DocumentID>
		<rsm:Interval>
			<rsm:StartDateTime>2008-06-08T22:00:00Z</rsm:StartDateTime>
			<rsm:EndDateTime>2008-06-09T22:00:00Z</rsm:EndDateTime>
		</rsm:Interval>
		<rsm:Resolution>
			<rsm:Resolution>15</rsm:Resolution>
			<rsm:Unit>MIN</rsm:Unit>
		</rsm:Resolution>
		<rsm:MeteringGridArea>
			<rsm:EICID schemeAgencyID="305">12Y-AREA-A-00009</rsm:EICID>
		</rsm:MeteringGridArea>
		<rsm:Product>
			<rsm:ID schemeAgencyID="9">8716867000030</rsm:ID>
			<rsm:MeasureUnit>KWH</rsm:MeasureUnit>
		</rsm:Product>
		<rsm:AggregationCriteria>
			<rsm:FlowCharacteristic listAgencyID="260">E17</rsm:FlowCharacteristic>
			<rsm:SettlementMethodCharacteristic listAgencyID="260">E02</rsm:SettlementMethodCharacteristic>
			<rsm:BalanceResponsible>
				<rsm:EICID schemeAgencyID="305">12X-PARTY-L-000S</rsm:EICID>
			</rsm:BalanceResponsible>
			<rsm:BalanceSupplier>
				<rsm:EICID schemeAgencyID="305">12X-PARTY-B-000E</rsm:EICID>
			</rsm:BalanceSupplier>
		</rsm:AggregationCriteria>
		<rsm:Observation>
			<rsm:Position>
				<rsm:Sequence>1</rsm:Sequence>
			</rsm:Position>
			<rsm:Volume>700</rsm:Volume>
			<rsm:Condition>21</rsm:Condition>
		</rsm:Observation>
		<rsm:Observation>
			<rsm:Position>
				<rsm:Sequence>2</rsm:Sequence>
			</rsm:Position>
			<rsm:Volume>701</rsm:Volume>
			<rsm:Condition>56</rsm:Condition>
		</rsm:Observation>
		<rsm:Observation>
			<rsm:Position>
				<rsm:Sequence>3</rsm:Sequence>
			</rsm:Position>
			<rsm:Volume>702.702</rsm:Volume>
		</rsm:Observation>
		<rsm:Observation>
			<rsm:Position>
				<rsm:Sequence>4</rsm:Sequence>
			</rsm:Position>
			<rsm:Volume>703</rsm:Volume>
		</rsm:Observation>
		<rsm:Observation>
			<rsm:Position>
				<rsm:Sequence>5</rsm:Sequence>
			</rsm:Position>
			<rsm:Volume>704</rsm:Volume>
		</rsm:Observation>
		<rsm:Observation>
			<rsm:Position>
				<rsm:Sequence>6</rsm:Sequence>
			</rsm:Position>
			<rsm:Volume>705</rsm:Volume>
		</rsm:Observation>
		<rsm:Observation>
			<rsm:Position>
				<rsm:Sequence>7</rsm:Sequence>
			</rsm:Position>
			<rsm:Volume>706</rsm:Volume>
		</rsm:Observation>
		<rsm:Observation>
			<rsm:Position>
				<rsm:Sequence>8</rsm:Sequence>
			</rsm:Position>
			<rsm:Volume>707</rsm:Volume>
		</rsm:Observation>
		<rsm:Observation>
			<rsm:Position>
				<rsm:Sequence>9</rsm:Sequence>
			</rsm:Position>
			<rsm:Volume>708</rsm:Volume>
		</rsm:Observation>
		<rsm:Observation>
			<rsm:Position>
				<rsm:Sequence>10</rsm:Sequence>
			</rsm:Position>
			<rsm:Volume>709</rsm:Volume>
		</rsm:Observation>
		<rsm:Observation>
			<rsm:Position>
				<rsm:Sequence>11</rsm:Sequence>
			</rsm:Position>
			<rsm:Volume>710</rsm:Volume>
		</rsm:Observation>
		<rsm:Observation>
			<rsm:Position>
				<rsm:Sequence>12</rsm:Sequence>
			</rsm:Position>
			<rsm:Volume>711</rsm:Volume>
		</rsm:Observation>
		<rsm:Observation>
			<rsm:Position>
				<rsm:Sequence>13</rsm:Sequence>
			</rsm:Position>
			<rsm:Volume>712</rsm:Volume>
		</rsm:Observation>
		<rsm:Observation>
			<rsm:Position>
				<rsm:Sequence>14</rsm:Sequence>
			</rsm:Position>
			<rsm:Volume>713</rsm:Volume>
		</rsm:Observation>
		<rsm:Observation>
			<rsm:Position>
				<rsm:Sequence>15</rsm:Sequence>
			</rsm:Position>
			<rsm:Volume>714</rsm:Volume>
		</rsm:Observation>
		<rsm:Observation>
			<rsm:Position>
				<rsm:Sequence>16</rsm:Sequence>
			</rsm:Position>
			<rsm:Volume>715</rsm:Volume>
		</rsm:Observation>
		<rsm:Observation>
			<rsm:Position>
				<rsm:Sequence>17</rsm:Sequence>
			</rsm:Position>
			<rsm:Volume>716</rsm:Volume>
		</rsm:Observation>
		<rsm:Observation>
			<rsm:Position>
				<rsm:Sequence>18</rsm:Sequence>
			</rsm:Position>
			<rsm:Volume>717</rsm:Volume>
		</rsm:Observation>
		<rsm:Observation>
			<rsm:Position>
				<rsm:Sequence>19</rsm:Sequence>
			</rsm:Position>
			<rsm:Volume>718</rsm:Volume>
		</rsm:Observation>
		<rsm:Observation>
			<rsm:Position>
				<rsm:Sequence>20</rsm:Sequence>
			</rsm:Position>
			<rsm:Volume>719</rsm:Volume>
		</rsm:Observation>
		<rsm:Observation>
			<rsm:Position>
				<rsm:Sequence>21</rsm:Sequence>
			</rsm:Position>
			<rsm:Volume>720</rsm:Volume>
		</rsm:Observation>
		<rsm:Observation>
			<rsm:Position>
				<rsm:Sequence>22</rsm:Sequence>
			</rsm:Position>
			<rsm:Volume>721</rsm:Volume>
		</rsm:Observation>
		<rsm:Observation>
			<rsm:Position>
				<rsm:Sequence>23</rsm:Sequence>
			</rsm:Position>
			<rsm:Volume>722</rsm:Volume>
		</rsm:Observation>
		<rsm:Observation>
			<rsm:Position>
				<rsm:Sequence>24</rsm:Sequence>
			</rsm:Position>
			<rsm:Volume>723</rsm:Volume>
		</rsm:Observation>
		<rsm:Observation>
			<rsm:Position>
				<rsm:Sequence>25</rsm:Sequence>
			</rsm:Position>
			<rsm:Volume>724</rsm:Volume>
		</rsm:Observation>
		<rsm:Observation>
			<rsm:Position>
				<rsm:Sequence>26</rsm:Sequence>
			</rsm:Position>
			<rsm:Volume>725</rsm:Volume>
		</rsm:Observation>
		<rsm:Observation>
			<rsm:Position>
				<rsm:Sequence>27</rsm:Sequence>
			</rsm:Position>
			<rsm:Volume>726</rsm:Volume>
		</rsm:Observation>
		<rsm:Observation>
			<rsm:Position>
				<rsm:Sequence>28</rsm:Sequence>
			</rsm:Position>
			<rsm:Volume>727</rsm:Volume>
		</rsm:Observation>
		<rsm:Observation>
			<rsm:Position>
				<rsm:Sequence>29</rsm:Sequence>
			</rsm:Position>
			<rsm:Volume>728</rsm:Volume>
		</rsm:Observation>
		<rsm:Observation>
			<rsm:Position>
				<rsm:Sequence>30</rsm:Sequence>
			</rsm:Position>
			<rsm:Volume>729</rsm:Volume>
		</rsm:Observation>
		<rsm:Observation>
			<rsm:Position>
				<rsm:Sequence>31</rsm:Sequence>
			</rsm:Position>
			<rsm:Volume>730</rsm:Volume>
		</rsm:Observation>
		<rsm:Observation>
			<rsm:Position>
				<rsm:Sequence>32</rsm:Sequence>
			</rsm:Position>
			<rsm:Volume>731</rsm:Volume>
		</rsm:Observation>
		<rsm:Observation>
			<rsm:Position>
				<rsm:Sequence>33</rsm:Sequence>
			</rsm:Position>
			<rsm:Volume>732</rsm:Volume>
		</rsm:Observation>
		<rsm:Observation>
			<rsm:Position>
				<rsm:Sequence>34</rsm:Sequence>
			</rsm:Position>
			<rsm:Volume>733</rsm:Volume>
		</rsm:Observation>
		<rsm:Observation>
			<rsm:Position>
				<rsm:Sequence>35</rsm:Sequence>
			</rsm:Position>
			<rsm:Volume>734</rsm:Volume>
		</rsm:Observation>
		<rsm:Observation>
			<rsm:Position>
				<rsm:Sequence>36</rsm:Sequence>
			</rsm:Position>
			<rsm:Volume>735</rsm:Volume>
		</rsm:Observation>
		<rsm:Observation>
			<rsm:Position>
				<rsm:Sequence>37</rsm:Sequence>
			</rsm:Position>
			<rsm:Volume>736</rsm:Volume>
		</rsm:Observation>
		<rsm:Observation>
			<rsm:Position>
				<rsm:Sequence>38</rsm:Sequence>
			</rsm:Position>
			<rsm:Volume>737</rsm:Volume>
		</rsm:Observation>
		<rsm:Observation>
			<rsm:Position>
				<rsm:Sequence>39</rsm:Sequence>
			</rsm:Position>
			<rsm:Volume>738</rsm:Volume>
		</rsm:Observation>
		<rsm:Observation>
			<rsm:Position>
				<rsm:Sequence>40</rsm:Sequence>
			</rsm:Position>
			<rsm:Volume>739</rsm:Volume>
		</rsm:Observation>
		<rsm:Observation>
			<rsm:Position>
				<rsm:Sequence>41</rsm:Sequence>
			</rsm:Position>
			<rsm:Volume>740</rsm:Volume>
		</rsm:Observation>
		<rsm:Observation>
			<rsm:Position>
				<rsm:Sequence>42</rsm:Sequence>
			</rsm:Position>
			<rsm:Volume>741</rsm:Volume>
		</rsm:Observation>
		<rsm:Observation>
			<rsm:Position>
				<rsm:Sequence>43</rsm:Sequence>
			</rsm:Position>
			<rsm:Volume>742</rsm:Volume>
		</rsm:Observation>
		<rsm:Observation>
			<rsm:Position>
				<rsm:Sequence>44</rsm:Sequence>
			</rsm:Position>
			<rsm:Volume>743</rsm:Volume>
		</rsm:Observation>
		<rsm:Observation>
			<rsm:Position>
				<rsm:Sequence>45</rsm:Sequence>
			</rsm:Position>
			<rsm:Volume>744</rsm:Volume>
		</rsm:Observation>
		<rsm:Observation>
			<rsm:Position>
				<rsm:Sequence>46</rsm:Sequence>
			</rsm:Position>
			<rsm:Volume>745</rsm:Volume>
		</rsm:Observation>
		<rsm:Observation>
			<rsm:Position>
				<rsm:Sequence>47</rsm:Sequence>
			</rsm:Position>
			<rsm:Volume>746</rsm:Volume>
		</rsm:Observation>
		<rsm:Observation>
			<rsm:Position>
				<rsm:Sequence>48</rsm:Sequence>
			</rsm:Position>
			<rsm:Volume>747</rsm:Volume>
		</rsm:Observation>
		<rsm:Observation>
			<rsm:Position>
				<rsm:Sequence>49</rsm:Sequence>
			</rsm:Position>
			<rsm:Volume>748</rsm:Volume>
		</rsm:Observation>
		<rsm:Observation>
			<rsm:Position>
				<rsm:Sequence>50</rsm:Sequence>
			</rsm:Position>
			<rsm:Volume>749</rsm:Volume>
		</rsm:Observation>
		<rsm:Observation>
			<rsm:Position>
				<rsm:Sequence>51</rsm:Sequence>
			</rsm:Position>
			<rsm:Volume>750</rsm:Volume>
		</rsm:Observation>
		<rsm:Observation>
			<rsm:Position>
				<rsm:Sequence>52</rsm:Sequence>
			</rsm:Position>
			<rsm:Volume>751</rsm:Volume>
		</rsm:Observation>
		<rsm:Observation>
			<rsm:Position>
				<rsm:Sequence>53</rsm:Sequence>
			</rsm:Position>
			<rsm:Volume>752</rsm:Volume>
		</rsm:Observation>
		<rsm:Observation>
			<rsm:Position>
				<rsm:Sequence>54</rsm:Sequence>
			</rsm:Position>
			<rsm:Volume>753</rsm:Volume>
		</rsm:Observation>
		<rsm:Observation>
			<rsm:Position>
				<rsm:Sequence>55</rsm:Sequence>
			</rsm:Position>
			<rsm:Volume>754</rsm:Volume>
		</rsm:Observation>
		<rsm:Observation>
			<rsm:Position>
				<rsm:Sequence>56</rsm:Sequence>
			</rsm:Position>
			<rsm:Volume>755</rsm:Volume>
		</rsm:Observation>
		<rsm:Observation>
			<rsm:Position>
				<rsm:Sequence>57</rsm:Sequence>
			</rsm:Position>
			<rsm:Volume>756</rsm:Volume>
		</rsm:Observation>
		<rsm:Observation>
			<rsm:Position>
				<rsm:Sequence>58</rsm:Sequence>
			</rsm:Position>
			<rsm:Volume>757</rsm:Volume>
		</rsm:Observation>
		<rsm:Observation>
			<rsm:Position>
				<rsm:Sequence>59</rsm:Sequence>
			</rsm:Position>
			<rsm:Volume>758</rsm:Volume>
		</rsm:Observation>
		<rsm:Observation>
			<rsm:Position>
				<rsm:Sequence>60</rsm:Sequence>
			</rsm:Position>
			<rsm:Volume>759</rsm:Volume>
		</rsm:Observation>
		<rsm:Observation>
			<rsm:Position>
				<rsm:Sequence>61</rsm:Sequence>
			</rsm:Position>
			<rsm:Volume>760</rsm:Volume>
		</rsm:Observation>
		<rsm:Observation>
			<rsm:Position>
				<rsm:Sequence>62</rsm:Sequence>
			</rsm:Position>
			<rsm:Volume>761</rsm:Volume>
		</rsm:Observation>
		<rsm:Observation>
			<rsm:Position>
				<rsm:Sequence>63</rsm:Sequence>
			</rsm:Position>
			<rsm:Volume>762</rsm:Volume>
		</rsm:Observation>
		<rsm:Observation>
			<rsm:Position>
				<rsm:Sequence>64</rsm:Sequence>
			</rsm:Position>
			<rsm:Volume>763</rsm:Volume>
		</rsm:Observation>
		<rsm:Observation>
			<rsm:Position>
				<rsm:Sequence>65</rsm:Sequence>
			</rsm:Position>
			<rsm:Volume>764</rsm:Volume>
		</rsm:Observation>
		<rsm:Observation>
			<rsm:Position>
				<rsm:Sequence>66</rsm:Sequence>
			</rsm:Position>
			<rsm:Volume>765</rsm:Volume>
		</rsm:Observation>
		<rsm:Observation>
			<rsm:Position>
				<rsm:Sequence>67</rsm:Sequence>
			</rsm:Position>
			<rsm:Volume>766</rsm:Volume>
		</rsm:Observation>
		<rsm:Observation>
			<rsm:Position>
				<rsm:Sequence>68</rsm:Sequence>
			</rsm:Position>
			<rsm:Volume>767</rsm:Volume>
		</rsm:Observation>
		<rsm:Observation>
			<rsm:Position>
				<rsm:Sequence>69</rsm:Sequence>
			</rsm:Position>
			<rsm:Volume>768</rsm:Volume>
		</rsm:Observation>
		<rsm:Observation>
			<rsm:Position>
				<rsm:Sequence>70</rsm:Sequence>
			</rsm:Position>
			<rsm:Volume>769</rsm:Volume>
		</rsm:Observation>
		<rsm:Observation>
			<rsm:Position>
				<rsm:Sequence>71</rsm:Sequence>
			</rsm:Position>
			<rsm:Volume>770</rsm:Volume>
		</rsm:Observation>
		<rsm:Observation>
			<rsm:Position>
				<rsm:Sequence>72</rsm:Sequence>
			</rsm:Position>
			<rsm:Volume>771</rsm:Volume>
		</rsm:Observation>
		<rsm:Observation>
			<rsm:Position>
				<rsm:Sequence>73</rsm:Sequence>
			</rsm:Position>
			<rsm:Volume>772</rsm:Volume>
		</rsm:Observation>
		<rsm:Observation>
			<rsm:Position>
				<rsm:Sequence>74</rsm:Sequence>
			</rsm:Position>
			<rsm:Volume>773</rsm:Volume>
		</rsm:Observation>
		<rsm:Observation>
			<rsm:Position>
				<rsm:Sequence>75</rsm:Sequence>
			</rsm:Position>
			<rsm:Volume>774</rsm:Volume>
		</rsm:Observation>
		<rsm:Observation>
			<rsm:Position>
				<rsm:Sequence>76</rsm:Sequence>
			</rsm:Position>
			<rsm:Volume>775</rsm:Volume>
		</rsm:Observation>
		<rsm:Observation>
			<rsm:Position>
				<rsm:Sequence>77</rsm:Sequence>
			</rsm:Position>
			<rsm:Volume>776</rsm:Volume>
		</rsm:Observation>
		<rsm:Observation>
			<rsm:Position>
				<rsm:Sequence>78</rsm:Sequence>
			</rsm:Position>
			<rsm:Volume>777</rsm:Volume>
		</rsm:Observation>
		<rsm:Observation>
			<rsm:Position>
				<rsm:Sequence>79</rsm:Sequence>
			</rsm:Position>
			<rsm:Volume>778</rsm:Volume>
		</rsm:Observation>
		<rsm:Observation>
			<rsm:Position>
				<rsm:Sequence>80</rsm:Sequence>
			</rsm:Position>
			<rsm:Volume>779</rsm:Volume>
		</rsm:Observation>
		<rsm:Observation>
			<rsm:Position>
				<rsm:Sequence>81</rsm:Sequence>
			</rsm:Position>
			<rsm:Volume>780</rsm:Volume>
		</rsm:Observation>
		<rsm:Observation>
			<rsm:Position>
				<rsm:Sequence>82</rsm:Sequence>
			</rsm:Position>
			<rsm:Volume>781</rsm:Volume>
		</rsm:Observation>
		<rsm:Observation>
			<rsm:Position>
				<rsm:Sequence>83</rsm:Sequence>
			</rsm:Position>
			<rsm:Volume>782</rsm:Volume>
		</rsm:Observation>
		<rsm:Observation>
			<rsm:Position>
				<rsm:Sequence>84</rsm:Sequence>
			</rsm:Position>
			<rsm:Volume>783</rsm:Volume>
		</rsm:Observation>
		<rsm:Observation>
			<rsm:Position>
				<rsm:Sequence>85</rsm:Sequence>
			</rsm:Position>
			<rsm:Volume>784</rsm:Volume>
		</rsm:Observation>
		<rsm:Observation>
			<rsm:Position>
				<rsm:Sequence>86</rsm:Sequence>
			</rsm:Position>
			<rsm:Volume>785</rsm:Volume>
		</rsm:Observation>
		<rsm:Observation>
			<rsm:Position>
				<rsm:Sequence>87</rsm:Sequence>
			</rsm:Position>
			<rsm:Volume>786</rsm:Volume>
		</rsm:Observation>
		<rsm:Observation>
			<rsm:Position>
				<rsm:Sequence>88</rsm:Sequence>
			</rsm:Position>
			<rsm:Volume>787</rsm:Volume>
		</rsm:Observation>
		<rsm:Observation>
			<rsm:Position>
				<rsm:Sequence>89</rsm:Sequence>
			</rsm:Position>
			<rsm:Volume>788</rsm:Volume>
		</rsm:Observation>
		<rsm:Observation>
			<rsm:Position>
				<rsm:Sequence>90</rsm:Sequence>
			</rsm:Position>
			<rsm:Volume>789</rsm:Volume>
		</rsm:Observation>
		<rsm:Observation>
			<rsm:Position>
				<rsm:Sequence>91</rsm:Sequence>
			</rsm:Position>
			<rsm:Volume>790</rsm:Volume>
		</rsm:Observation>
		<rsm:Observation>
			<rsm:Position>
				<rsm:Sequence>92</rsm:Sequence>
			</rsm:Position>
			<rsm:Volume>791</rsm:Volume>
		</rsm:Observation>
		<rsm:Observation>
			<rsm:Position>
				<rsm:Sequence>93</rsm:Sequence>
			</rsm:Position>
			<rsm:Volume>792</rsm:Volume>
		</rsm:Observation>
		<rsm:Observation>
			<rsm:Position>
				<rsm:Sequence>94</rsm:Sequence>
			</rsm:Position>
			<rsm:Volume>793</rsm:Volume>
		</rsm:Observation>
		<rsm:Observation>
			<rsm:Position>
				<rsm:Sequence>95</rsm:Sequence>
			</rsm:Position>
			<rsm:Volume>794</rsm:Volume>
		</rsm:Observation>
		<rsm:Observation>
			<rsm:Position>
				<rsm:Sequence>96</rsm:Sequence>
			</rsm:Position>
			<rsm:Volume>795</rsm:Volume>
		</rsm:Observation>
	</rsm:MeteringData>
	<rsm:MeteringData>
		<rsm:DocumentID>DID_Beispiel_4_6_x_BGAbrBGV__40_11d</rsm:DocumentID>
		<rsm:Interval>
			<rsm:StartDateTime>2008-06-08T22:00:00Z</rsm:StartDateTime>
			<rsm:EndDateTime>2008-06-09T22:00:00Z</rsm:EndDateTime>
		</rsm:Interval>
		<rsm:Resolution>
			<rsm:Resolution>15</rsm:Resolution>
			<rsm:Unit>MIN</rsm:Unit>
		</rsm:Resolution>
		<rsm:MeteringGridArea>
			<rsm:EICID schemeAgencyID="305">12Y-AREA-B-00002</rsm:EICID>
		</rsm:MeteringGridArea>
		<rsm:Product>
			<rsm:ID schemeAgencyID="9">8716867000030</rsm:ID>
			<rsm:MeasureUnit>KWH</rsm:MeasureUnit>
		</rsm:Product>
		<rsm:AggregationCriteria>
			<rsm:FlowCharacteristic listAgencyID="260">E18</rsm:FlowCharacteristic>
			<rsm:SettlementMethodCharacteristic listAgencyID="260">E02</rsm:SettlementMethodCharacteristic>
			<rsm:BalanceResponsible>
				<rsm:EICID schemeAgencyID="305">12X-PARTY-L-000S</rsm:EICID>
			</rsm:BalanceResponsible>
		</rsm:AggregationCriteria>
		<rsm:Observation>
			<rsm:Position>
				<rsm:Sequence>1</rsm:Sequence>
			</rsm:Position>
			<rsm:Volume>200</rsm:Volume>
			<rsm:Condition>21</rsm:Condition>
		</rsm:Observation>
		<rsm:Observation>
			<rsm:Position>
				<rsm:Sequence>2</rsm:Sequence>
			</rsm:Position>
			<rsm:Volume>201</rsm:Volume>
			<rsm:Condition>56</rsm:Condition>
		</rsm:Observation>
		<rsm:Observation>
			<rsm:Position>
				<rsm:Sequence>3</rsm:Sequence>
			</rsm:Position>
			<rsm:Volume>202.202</rsm:Volume>
		</rsm:Observation>
		<rsm:Observation>
			<rsm:Position>
				<rsm:Sequence>4</rsm:Sequence>
			</rsm:Position>
			<rsm:Volume>203</rsm:Volume>
		</rsm:Observation>
		<rsm:Observation>
			<rsm:Position>
				<rsm:Sequence>5</rsm:Sequence>
			</rsm:Position>
			<rsm:Volume>204</rsm:Volume>
		</rsm:Observation>
		<rsm:Observation>
			<rsm:Position>
				<rsm:Sequence>6</rsm:Sequence>
			</rsm:Position>
			<rsm:Volume>205</rsm:Volume>
		</rsm:Observation>
		<rsm:Observation>
			<rsm:Position>
				<rsm:Sequence>7</rsm:Sequence>
			</rsm:Position>
			<rsm:Volume>206</rsm:Volume>
		</rsm:Observation>
		<rsm:Observation>
			<rsm:Position>
				<rsm:Sequence>8</rsm:Sequence>
			</rsm:Position>
			<rsm:Volume>207</rsm:Volume>
		</rsm:Observation>
		<rsm:Observation>
			<rsm:Position>
				<rsm:Sequence>9</rsm:Sequence>
			</rsm:Position>
			<rsm:Volume>208</rsm:Volume>
		</rsm:Observation>
		<rsm:Observation>
			<rsm:Position>
				<rsm:Sequence>10</rsm:Sequence>
			</rsm:Position>
			<rsm:Volume>209</rsm:Volume>
		</rsm:Observation>
		<rsm:Observation>
			<rsm:Position>
				<rsm:Sequence>11</rsm:Sequence>
			</rsm:Position>
			<rsm:Volume>210</rsm:Volume>
		</rsm:Observation>
		<rsm:Observation>
			<rsm:Position>
				<rsm:Sequence>12</rsm:Sequence>
			</rsm:Position>
			<rsm:Volume>211</rsm:Volume>
		</rsm:Observation>
		<rsm:Observation>
			<rsm:Position>
				<rsm:Sequence>13</rsm:Sequence>
			</rsm:Position>
			<rsm:Volume>212</rsm:Volume>
		</rsm:Observation>
		<rsm:Observation>
			<rsm:Position>
				<rsm:Sequence>14</rsm:Sequence>
			</rsm:Position>
			<rsm:Volume>213</rsm:Volume>
		</rsm:Observation>
		<rsm:Observation>
			<rsm:Position>
				<rsm:Sequence>15</rsm:Sequence>
			</rsm:Position>
			<rsm:Volume>214</rsm:Volume>
		</rsm:Observation>
		<rsm:Observation>
			<rsm:Position>
				<rsm:Sequence>16</rsm:Sequence>
			</rsm:Position>
			<rsm:Volume>215</rsm:Volume>
		</rsm:Observation>
		<rsm:Observation>
			<rsm:Position>
				<rsm:Sequence>17</rsm:Sequence>
			</rsm:Position>
			<rsm:Volume>216</rsm:Volume>
		</rsm:Observation>
		<rsm:Observation>
			<rsm:Position>
				<rsm:Sequence>18</rsm:Sequence>
			</rsm:Position>
			<rsm:Volume>217</rsm:Volume>
		</rsm:Observation>
		<rsm:Observation>
			<rsm:Position>
				<rsm:Sequence>19</rsm:Sequence>
			</rsm:Position>
			<rsm:Volume>218</rsm:Volume>
		</rsm:Observation>
		<rsm:Observation>
			<rsm:Position>
				<rsm:Sequence>20</rsm:Sequence>
			</rsm:Position>
			<rsm:Volume>219</rsm:Volume>
		</rsm:Observation>
		<rsm:Observation>
			<rsm:Position>
				<rsm:Sequence>21</rsm:Sequence>
			</rsm:Position>
			<rsm:Volume>220</rsm:Volume>
		</rsm:Observation>
		<rsm:Observation>
			<rsm:Position>
				<rsm:Sequence>22</rsm:Sequence>
			</rsm:Position>
			<rsm:Volume>221</rsm:Volume>
		</rsm:Observation>
		<rsm:Observation>
			<rsm:Position>
				<rsm:Sequence>23</rsm:Sequence>
			</rsm:Position>
			<rsm:Volume>222</rsm:Volume>
		</rsm:Observation>
		<rsm:Observation>
			<rsm:Position>
				<rsm:Sequence>24</rsm:Sequence>
			</rsm:Position>
			<rsm:Volume>223</rsm:Volume>
		</rsm:Observation>
		<rsm:Observation>
			<rsm:Position>
				<rsm:Sequence>25</rsm:Sequence>
			</rsm:Position>
			<rsm:Volume>224</rsm:Volume>
		</rsm:Observation>
		<rsm:Observation>
			<rsm:Position>
				<rsm:Sequence>26</rsm:Sequence>
			</rsm:Position>
			<rsm:Volume>225</rsm:Volume>
		</rsm:Observation>
		<rsm:Observation>
			<rsm:Position>
				<rsm:Sequence>27</rsm:Sequence>
			</rsm:Position>
			<rsm:Volume>226</rsm:Volume>
		</rsm:Observation>
		<rsm:Observation>
			<rsm:Position>
				<rsm:Sequence>28</rsm:Sequence>
			</rsm:Position>
			<rsm:Volume>227</rsm:Volume>
		</rsm:Observation>
		<rsm:Observation>
			<rsm:Position>
				<rsm:Sequence>29</rsm:Sequence>
			</rsm:Position>
			<rsm:Volume>228</rsm:Volume>
		</rsm:Observation>
		<rsm:Observation>
			<rsm:Position>
				<rsm:Sequence>30</rsm:Sequence>
			</rsm:Position>
			<rsm:Volume>229</rsm:Volume>
		</rsm:Observation>
		<rsm:Observation>
			<rsm:Position>
				<rsm:Sequence>31</rsm:Sequence>
			</rsm:Position>
			<rsm:Volume>230</rsm:Volume>
		</rsm:Observation>
		<rsm:Observation>
			<rsm:Position>
				<rsm:Sequence>32</rsm:Sequence>
			</rsm:Position>
			<rsm:Volume>231</rsm:Volume>
		</rsm:Observation>
		<rsm:Observation>
			<rsm:Position>
				<rsm:Sequence>33</rsm:Sequence>
			</rsm:Position>
			<rsm:Volume>232</rsm:Volume>
		</rsm:Observation>
		<rsm:Observation>
			<rsm:Position>
				<rsm:Sequence>34</rsm:Sequence>
			</rsm:Position>
			<rsm:Volume>233</rsm:Volume>
		</rsm:Observation>
		<rsm:Observation>
			<rsm:Position>
				<rsm:Sequence>35</rsm:Sequence>
			</rsm:Position>
			<rsm:Volume>234</rsm:Volume>
		</rsm:Observation>
		<rsm:Observation>
			<rsm:Position>
				<rsm:Sequence>36</rsm:Sequence>
			</rsm:Position>
			<rsm:Volume>235</rsm:Volume>
		</rsm:Observation>
		<rsm:Observation>
			<rsm:Position>
				<rsm:Sequence>37</rsm:Sequence>
			</rsm:Position>
			<rsm:Volume>236</rsm:Volume>
		</rsm:Observation>
		<rsm:Observation>
			<rsm:Position>
				<rsm:Sequence>38</rsm:Sequence>
			</rsm:Position>
			<rsm:Volume>237</rsm:Volume>
		</rsm:Observation>
		<rsm:Observation>
			<rsm:Position>
				<rsm:Sequence>39</rsm:Sequence>
			</rsm:Position>
			<rsm:Volume>238</rsm:Volume>
		</rsm:Observation>
		<rsm:Observation>
			<rsm:Position>
				<rsm:Sequence>40</rsm:Sequence>
			</rsm:Position>
			<rsm:Volume>239</rsm:Volume>
		</rsm:Observation>
		<rsm:Observation>
			<rsm:Position>
				<rsm:Sequence>41</rsm:Sequence>
			</rsm:Position>
			<rsm:Volume>240</rsm:Volume>
		</rsm:Observation>
		<rsm:Observation>
			<rsm:Position>
				<rsm:Sequence>42</rsm:Sequence>
			</rsm:Position>
			<rsm:Volume>241</rsm:Volume>
		</rsm:Observation>
		<rsm:Observation>
			<rsm:Position>
				<rsm:Sequence>43</rsm:Sequence>
			</rsm:Position>
			<rsm:Volume>242</rsm:Volume>
		</rsm:Observation>
		<rsm:Observation>
			<rsm:Position>
				<rsm:Sequence>44</rsm:Sequence>
			</rsm:Position>
			<rsm:Volume>243</rsm:Volume>
		</rsm:Observation>
		<rsm:Observation>
			<rsm:Position>
				<rsm:Sequence>45</rsm:Sequence>
			</rsm:Position>
			<rsm:Volume>244</rsm:Volume>
		</rsm:Observation>
		<rsm:Observation>
			<rsm:Position>
				<rsm:Sequence>46</rsm:Sequence>
			</rsm:Position>
			<rsm:Volume>245</rsm:Volume>
		</rsm:Observation>
		<rsm:Observation>
			<rsm:Position>
				<rsm:Sequence>47</rsm:Sequence>
			</rsm:Position>
			<rsm:Volume>246</rsm:Volume>
		</rsm:Observation>
		<rsm:Observation>
			<rsm:Position>
				<rsm:Sequence>48</rsm:Sequence>
			</rsm:Position>
			<rsm:Volume>247</rsm:Volume>
		</rsm:Observation>
		<rsm:Observation>
			<rsm:Position>
				<rsm:Sequence>49</rsm:Sequence>
			</rsm:Position>
			<rsm:Volume>248</rsm:Volume>
		</rsm:Observation>
		<rsm:Observation>
			<rsm:Position>
				<rsm:Sequence>50</rsm:Sequence>
			</rsm:Position>
			<rsm:Volume>249</rsm:Volume>
		</rsm:Observation>
		<rsm:Observation>
			<rsm:Position>
				<rsm:Sequence>51</rsm:Sequence>
			</rsm:Position>
			<rsm:Volume>250</rsm:Volume>
		</rsm:Observation>
		<rsm:Observation>
			<rsm:Position>
				<rsm:Sequence>52</rsm:Sequence>
			</rsm:Position>
			<rsm:Volume>251</rsm:Volume>
		</rsm:Observation>
		<rsm:Observation>
			<rsm:Position>
				<rsm:Sequence>53</rsm:Sequence>
			</rsm:Position>
			<rsm:Volume>252</rsm:Volume>
		</rsm:Observation>
		<rsm:Observation>
			<rsm:Position>
				<rsm:Sequence>54</rsm:Sequence>
			</rsm:Position>
			<rsm:Volume>253</rsm:Volume>
		</rsm:Observation>
		<rsm:Observation>
			<rsm:Position>
				<rsm:Sequence>55</rsm:Sequence>
			</rsm:Position>
			<rsm:Volume>254</rsm:Volume>
		</rsm:Observation>
		<rsm:Observation>
			<rsm:Position>
				<rsm:Sequence>56</rsm:Sequence>
			</rsm:Position>
			<rsm:Volume>255</rsm:Volume>
		</rsm:Observation>
		<rsm:Observation>
			<rsm:Position>
				<rsm:Sequence>57</rsm:Sequence>
			</rsm:Position>
			<rsm:Volume>256</rsm:Volume>
		</rsm:Observation>
		<rsm:Observation>
			<rsm:Position>
				<rsm:Sequence>58</rsm:Sequence>
			</rsm:Position>
			<rsm:Volume>257</rsm:Volume>
		</rsm:Observation>
		<rsm:Observation>
			<rsm:Position>
				<rsm:Sequence>59</rsm:Sequence>
			</rsm:Position>
			<rsm:Volume>258</rsm:Volume>
		</rsm:Observation>
		<rsm:Observation>
			<rsm:Position>
				<rsm:Sequence>60</rsm:Sequence>
			</rsm:Position>
			<rsm:Volume>259</rsm:Volume>
		</rsm:Observation>
		<rsm:Observation>
			<rsm:Position>
				<rsm:Sequence>61</rsm:Sequence>
			</rsm:Position>
			<rsm:Volume>260</rsm:Volume>
		</rsm:Observation>
		<rsm:Observation>
			<rsm:Position>
				<rsm:Sequence>62</rsm:Sequence>
			</rsm:Position>
			<rsm:Volume>261</rsm:Volume>
		</rsm:Observation>
		<rsm:Observation>
			<rsm:Position>
				<rsm:Sequence>63</rsm:Sequence>
			</rsm:Position>
			<rsm:Volume>262</rsm:Volume>
		</rsm:Observation>
		<rsm:Observation>
			<rsm:Position>
				<rsm:Sequence>64</rsm:Sequence>
			</rsm:Position>
			<rsm:Volume>263</rsm:Volume>
		</rsm:Observation>
		<rsm:Observation>
			<rsm:Position>
				<rsm:Sequence>65</rsm:Sequence>
			</rsm:Position>
			<rsm:Volume>264</rsm:Volume>
		</rsm:Observation>
		<rsm:Observation>
			<rsm:Position>
				<rsm:Sequence>66</rsm:Sequence>
			</rsm:Position>
			<rsm:Volume>265</rsm:Volume>
		</rsm:Observation>
		<rsm:Observation>
			<rsm:Position>
				<rsm:Sequence>67</rsm:Sequence>
			</rsm:Position>
			<rsm:Volume>266</rsm:Volume>
		</rsm:Observation>
		<rsm:Observation>
			<rsm:Position>
				<rsm:Sequence>68</rsm:Sequence>
			</rsm:Position>
			<rsm:Volume>267</rsm:Volume>
		</rsm:Observation>
		<rsm:Observation>
			<rsm:Position>
				<rsm:Sequence>69</rsm:Sequence>
			</rsm:Position>
			<rsm:Volume>268</rsm:Volume>
		</rsm:Observation>
		<rsm:Observation>
			<rsm:Position>
				<rsm:Sequence>70</rsm:Sequence>
			</rsm:Position>
			<rsm:Volume>269</rsm:Volume>
		</rsm:Observation>
		<rsm:Observation>
			<rsm:Position>
				<rsm:Sequence>71</rsm:Sequence>
			</rsm:Position>
			<rsm:Volume>270</rsm:Volume>
		</rsm:Observation>
		<rsm:Observation>
			<rsm:Position>
				<rsm:Sequence>72</rsm:Sequence>
			</rsm:Position>
			<rsm:Volume>271</rsm:Volume>
		</rsm:Observation>
		<rsm:Observation>
			<rsm:Position>
				<rsm:Sequence>73</rsm:Sequence>
			</rsm:Position>
			<rsm:Volume>272</rsm:Volume>
		</rsm:Observation>
		<rsm:Observation>
			<rsm:Position>
				<rsm:Sequence>74</rsm:Sequence>
			</rsm:Position>
			<rsm:Volume>273</rsm:Volume>
		</rsm:Observation>
		<rsm:Observation>
			<rsm:Position>
				<rsm:Sequence>75</rsm:Sequence>
			</rsm:Position>
			<rsm:Volume>274</rsm:Volume>
		</rsm:Observation>
		<rsm:Observation>
			<rsm:Position>
				<rsm:Sequence>76</rsm:Sequence>
			</rsm:Position>
			<rsm:Volume>275</rsm:Volume>
		</rsm:Observation>
		<rsm:Observation>
			<rsm:Position>
				<rsm:Sequence>77</rsm:Sequence>
			</rsm:Position>
			<rsm:Volume>276</rsm:Volume>
		</rsm:Observation>
		<rsm:Observation>
			<rsm:Position>
				<rsm:Sequence>78</rsm:Sequence>
			</rsm:Position>
			<rsm:Volume>277</rsm:Volume>
		</rsm:Observation>
		<rsm:Observation>
			<rsm:Position>
				<rsm:Sequence>79</rsm:Sequence>
			</rsm:Position>
			<rsm:Volume>278</rsm:Volume>
		</rsm:Observation>
		<rsm:Observation>
			<rsm:Position>
				<rsm:Sequence>80</rsm:Sequence>
			</rsm:Position>
			<rsm:Volume>279</rsm:Volume>
		</rsm:Observation>
		<rsm:Observation>
			<rsm:Position>
				<rsm:Sequence>81</rsm:Sequence>
			</rsm:Position>
			<rsm:Volume>280</rsm:Volume>
		</rsm:Observation>
		<rsm:Observation>
			<rsm:Position>
				<rsm:Sequence>82</rsm:Sequence>
			</rsm:Position>
			<rsm:Volume>281</rsm:Volume>
		</rsm:Observation>
		<rsm:Observation>
			<rsm:Position>
				<rsm:Sequence>83</rsm:Sequence>
			</rsm:Position>
			<rsm:Volume>282</rsm:Volume>
		</rsm:Observation>
		<rsm:Observation>
			<rsm:Position>
				<rsm:Sequence>84</rsm:Sequence>
			</rsm:Position>
			<rsm:Volume>283</rsm:Volume>
		</rsm:Observation>
		<rsm:Observation>
			<rsm:Position>
				<rsm:Sequence>85</rsm:Sequence>
			</rsm:Position>
			<rsm:Volume>284</rsm:Volume>
		</rsm:Observation>
		<rsm:Observation>
			<rsm:Position>
				<rsm:Sequence>86</rsm:Sequence>
			</rsm:Position>
			<rsm:Volume>285</rsm:Volume>
		</rsm:Observation>
		<rsm:Observation>
			<rsm:Position>
				<rsm:Sequence>87</rsm:Sequence>
			</rsm:Position>
			<rsm:Volume>286</rsm:Volume>
		</rsm:Observation>
		<rsm:Observation>
			<rsm:Position>
				<rsm:Sequence>88</rsm:Sequence>
			</rsm:Position>
			<rsm:Volume>287</rsm:Volume>
		</rsm:Observation>
		<rsm:Observation>
			<rsm:Position>
				<rsm:Sequence>89</rsm:Sequence>
			</rsm:Position>
			<rsm:Volume>288</rsm:Volume>
		</rsm:Observation>
		<rsm:Observation>
			<rsm:Position>
				<rsm:Sequence>90</rsm:Sequence>
			</rsm:Position>
			<rsm:Volume>289</rsm:Volume>
		</rsm:Observation>
		<rsm:Observation>
			<rsm:Position>
				<rsm:Sequence>91</rsm:Sequence>
			</rsm:Position>
			<rsm:Volume>290</rsm:Volume>
		</rsm:Observation>
		<rsm:Observation>
			<rsm:Position>
				<rsm:Sequence>92</rsm:Sequence>
			</rsm:Position>
			<rsm:Volume>291</rsm:Volume>
		</rsm:Observation>
		<rsm:Observation>
			<rsm:Position>
				<rsm:Sequence>93</rsm:Sequence>
			</rsm:Position>
			<rsm:Volume>292</rsm:Volume>
		</rsm:Observation>
		<rsm:Observation>
			<rsm:Position>
				<rsm:Sequence>94</rsm:Sequence>
			</rsm:Position>
			<rsm:Volume>293</rsm:Volume>
		</rsm:Observation>
		<rsm:Observation>
			<rsm:Position>
				<rsm:Sequence>95</rsm:Sequence>
			</rsm:Position>
			<rsm:Volume>294</rsm:Volume>
		</rsm:Observation>
		<rsm:Observation>
			<rsm:Position>
				<rsm:Sequence>96</rsm:Sequence>
			</rsm:Position>
			<rsm:Volume>295</rsm:Volume>
		</rsm:Observation>
	</rsm:MeteringData>
	<rsm:MeteringData>
		<rsm:DocumentID>DID_Beispiel_4_6_x_BGAbrBGV__40_11e</rsm:DocumentID>
		<rsm:Interval>
			<rsm:StartDateTime>2008-06-08T22:00:00Z</rsm:StartDateTime>
			<rsm:EndDateTime>2008-06-09T22:00:00Z</rsm:EndDateTime>
		</rsm:Interval>
		<rsm:Resolution>
			<rsm:Resolution>15</rsm:Resolution>
			<rsm:Unit>MIN</rsm:Unit>
		</rsm:Resolution>
		<rsm:MeteringGridArea>
			<rsm:EICID schemeAgencyID="305">12Y-AREA-B-00002</rsm:EICID>
		</rsm:MeteringGridArea>
		<rsm:Product>
			<rsm:ID schemeAgencyID="9">8716867000030</rsm:ID>
			<rsm:MeasureUnit>KWH</rsm:MeasureUnit>
		</rsm:Product>
		<rsm:AggregationCriteria>
			<rsm:FlowCharacteristic listAgencyID="260">E18</rsm:FlowCharacteristic>
			<rsm:SettlementMethodCharacteristic listAgencyID="260">E02</rsm:SettlementMethodCharacteristic>
			<rsm:BalanceResponsible>
				<rsm:EICID schemeAgencyID="305">12X-PARTY-L-000S</rsm:EICID>
			</rsm:BalanceResponsible>
			<rsm:BalanceSupplier>
				<rsm:EICID schemeAgencyID="305">12X-PARTY-B-000E</rsm:EICID>
			</rsm:BalanceSupplier>
		</rsm:AggregationCriteria>
		<rsm:Observation>
			<rsm:Position>
				<rsm:Sequence>1</rsm:Sequence>
			</rsm:Position>
			<rsm:Volume>200</rsm:Volume>
			<rsm:Condition>21</rsm:Condition>
		</rsm:Observation>
		<rsm:Observation>
			<rsm:Position>
				<rsm:Sequence>2</rsm:Sequence>
			</rsm:Position>
			<rsm:Volume>201</rsm:Volume>
			<rsm:Condition>56</rsm:Condition>
		</rsm:Observation>
		<rsm:Observation>
			<rsm:Position>
				<rsm:Sequence>3</rsm:Sequence>
			</rsm:Position>
			<rsm:Volume>202.202</rsm:Volume>
		</rsm:Observation>
		<rsm:Observation>
			<rsm:Position>
				<rsm:Sequence>4</rsm:Sequence>
			</rsm:Position>
			<rsm:Volume>203</rsm:Volume>
		</rsm:Observation>
		<rsm:Observation>
			<rsm:Position>
				<rsm:Sequence>5</rsm:Sequence>
			</rsm:Position>
			<rsm:Volume>204</rsm:Volume>
		</rsm:Observation>
		<rsm:Observation>
			<rsm:Position>
				<rsm:Sequence>6</rsm:Sequence>
			</rsm:Position>
			<rsm:Volume>205</rsm:Volume>
		</rsm:Observation>
		<rsm:Observation>
			<rsm:Position>
				<rsm:Sequence>7</rsm:Sequence>
			</rsm:Position>
			<rsm:Volume>206</rsm:Volume>
		</rsm:Observation>
		<rsm:Observation>
			<rsm:Position>
				<rsm:Sequence>8</rsm:Sequence>
			</rsm:Position>
			<rsm:Volume>207</rsm:Volume>
		</rsm:Observation>
		<rsm:Observation>
			<rsm:Position>
				<rsm:Sequence>9</rsm:Sequence>
			</rsm:Position>
			<rsm:Volume>208</rsm:Volume>
		</rsm:Observation>
		<rsm:Observation>
			<rsm:Position>
				<rsm:Sequence>10</rsm:Sequence>
			</rsm:Position>
			<rsm:Volume>209</rsm:Volume>
		</rsm:Observation>
		<rsm:Observation>
			<rsm:Position>
				<rsm:Sequence>11</rsm:Sequence>
			</rsm:Position>
			<rsm:Volume>210</rsm:Volume>
		</rsm:Observation>
		<rsm:Observation>
			<rsm:Position>
				<rsm:Sequence>12</rsm:Sequence>
			</rsm:Position>
			<rsm:Volume>211</rsm:Volume>
		</rsm:Observation>
		<rsm:Observation>
			<rsm:Position>
				<rsm:Sequence>13</rsm:Sequence>
			</rsm:Position>
			<rsm:Volume>212</rsm:Volume>
		</rsm:Observation>
		<rsm:Observation>
			<rsm:Position>
				<rsm:Sequence>14</rsm:Sequence>
			</rsm:Position>
			<rsm:Volume>213</rsm:Volume>
		</rsm:Observation>
		<rsm:Observation>
			<rsm:Position>
				<rsm:Sequence>15</rsm:Sequence>
			</rsm:Position>
			<rsm:Volume>214</rsm:Volume>
		</rsm:Observation>
		<rsm:Observation>
			<rsm:Position>
				<rsm:Sequence>16</rsm:Sequence>
			</rsm:Position>
			<rsm:Volume>215</rsm:Volume>
		</rsm:Observation>
		<rsm:Observation>
			<rsm:Position>
				<rsm:Sequence>17</rsm:Sequence>
			</rsm:Position>
			<rsm:Volume>216</rsm:Volume>
		</rsm:Observation>
		<rsm:Observation>
			<rsm:Position>
				<rsm:Sequence>18</rsm:Sequence>
			</rsm:Position>
			<rsm:Volume>217</rsm:Volume>
		</rsm:Observation>
		<rsm:Observation>
			<rsm:Position>
				<rsm:Sequence>19</rsm:Sequence>
			</rsm:Position>
			<rsm:Volume>218</rsm:Volume>
		</rsm:Observation>
		<rsm:Observation>
			<rsm:Position>
				<rsm:Sequence>20</rsm:Sequence>
			</rsm:Position>
			<rsm:Volume>219</rsm:Volume>
		</rsm:Observation>
		<rsm:Observation>
			<rsm:Position>
				<rsm:Sequence>21</rsm:Sequence>
			</rsm:Position>
			<rsm:Volume>220</rsm:Volume>
		</rsm:Observation>
		<rsm:Observation>
			<rsm:Position>
				<rsm:Sequence>22</rsm:Sequence>
			</rsm:Position>
			<rsm:Volume>221</rsm:Volume>
		</rsm:Observation>
		<rsm:Observation>
			<rsm:Position>
				<rsm:Sequence>23</rsm:Sequence>
			</rsm:Position>
			<rsm:Volume>222</rsm:Volume>
		</rsm:Observation>
		<rsm:Observation>
			<rsm:Position>
				<rsm:Sequence>24</rsm:Sequence>
			</rsm:Position>
			<rsm:Volume>223</rsm:Volume>
		</rsm:Observation>
		<rsm:Observation>
			<rsm:Position>
				<rsm:Sequence>25</rsm:Sequence>
			</rsm:Position>
			<rsm:Volume>224</rsm:Volume>
		</rsm:Observation>
		<rsm:Observation>
			<rsm:Position>
				<rsm:Sequence>26</rsm:Sequence>
			</rsm:Position>
			<rsm:Volume>225</rsm:Volume>
		</rsm:Observation>
		<rsm:Observation>
			<rsm:Position>
				<rsm:Sequence>27</rsm:Sequence>
			</rsm:Position>
			<rsm:Volume>226</rsm:Volume>
		</rsm:Observation>
		<rsm:Observation>
			<rsm:Position>
				<rsm:Sequence>28</rsm:Sequence>
			</rsm:Position>
			<rsm:Volume>227</rsm:Volume>
		</rsm:Observation>
		<rsm:Observation>
			<rsm:Position>
				<rsm:Sequence>29</rsm:Sequence>
			</rsm:Position>
			<rsm:Volume>228</rsm:Volume>
		</rsm:Observation>
		<rsm:Observation>
			<rsm:Position>
				<rsm:Sequence>30</rsm:Sequence>
			</rsm:Position>
			<rsm:Volume>229</rsm:Volume>
		</rsm:Observation>
		<rsm:Observation>
			<rsm:Position>
				<rsm:Sequence>31</rsm:Sequence>
			</rsm:Position>
			<rsm:Volume>230</rsm:Volume>
		</rsm:Observation>
		<rsm:Observation>
			<rsm:Position>
				<rsm:Sequence>32</rsm:Sequence>
			</rsm:Position>
			<rsm:Volume>231</rsm:Volume>
		</rsm:Observation>
		<rsm:Observation>
			<rsm:Position>
				<rsm:Sequence>33</rsm:Sequence>
			</rsm:Position>
			<rsm:Volume>232</rsm:Volume>
		</rsm:Observation>
		<rsm:Observation>
			<rsm:Position>
				<rsm:Sequence>34</rsm:Sequence>
			</rsm:Position>
			<rsm:Volume>233</rsm:Volume>
		</rsm:Observation>
		<rsm:Observation>
			<rsm:Position>
				<rsm:Sequence>35</rsm:Sequence>
			</rsm:Position>
			<rsm:Volume>234</rsm:Volume>
		</rsm:Observation>
		<rsm:Observation>
			<rsm:Position>
				<rsm:Sequence>36</rsm:Sequence>
			</rsm:Position>
			<rsm:Volume>235</rsm:Volume>
		</rsm:Observation>
		<rsm:Observation>
			<rsm:Position>
				<rsm:Sequence>37</rsm:Sequence>
			</rsm:Position>
			<rsm:Volume>236</rsm:Volume>
		</rsm:Observation>
		<rsm:Observation>
			<rsm:Position>
				<rsm:Sequence>38</rsm:Sequence>
			</rsm:Position>
			<rsm:Volume>237</rsm:Volume>
		</rsm:Observation>
		<rsm:Observation>
			<rsm:Position>
				<rsm:Sequence>39</rsm:Sequence>
			</rsm:Position>
			<rsm:Volume>238</rsm:Volume>
		</rsm:Observation>
		<rsm:Observation>
			<rsm:Position>
				<rsm:Sequence>40</rsm:Sequence>
			</rsm:Position>
			<rsm:Volume>239</rsm:Volume>
		</rsm:Observation>
		<rsm:Observation>
			<rsm:Position>
				<rsm:Sequence>41</rsm:Sequence>
			</rsm:Position>
			<rsm:Volume>240</rsm:Volume>
		</rsm:Observation>
		<rsm:Observation>
			<rsm:Position>
				<rsm:Sequence>42</rsm:Sequence>
			</rsm:Position>
			<rsm:Volume>241</rsm:Volume>
		</rsm:Observation>
		<rsm:Observation>
			<rsm:Position>
				<rsm:Sequence>43</rsm:Sequence>
			</rsm:Position>
			<rsm:Volume>242</rsm:Volume>
		</rsm:Observation>
		<rsm:Observation>
			<rsm:Position>
				<rsm:Sequence>44</rsm:Sequence>
			</rsm:Position>
			<rsm:Volume>243</rsm:Volume>
		</rsm:Observation>
		<rsm:Observation>
			<rsm:Position>
				<rsm:Sequence>45</rsm:Sequence>
			</rsm:Position>
			<rsm:Volume>244</rsm:Volume>
		</rsm:Observation>
		<rsm:Observation>
			<rsm:Position>
				<rsm:Sequence>46</rsm:Sequence>
			</rsm:Position>
			<rsm:Volume>245</rsm:Volume>
		</rsm:Observation>
		<rsm:Observation>
			<rsm:Position>
				<rsm:Sequence>47</rsm:Sequence>
			</rsm:Position>
			<rsm:Volume>246</rsm:Volume>
		</rsm:Observation>
		<rsm:Observation>
			<rsm:Position>
				<rsm:Sequence>48</rsm:Sequence>
			</rsm:Position>
			<rsm:Volume>247</rsm:Volume>
		</rsm:Observation>
		<rsm:Observation>
			<rsm:Position>
				<rsm:Sequence>49</rsm:Sequence>
			</rsm:Position>
			<rsm:Volume>248</rsm:Volume>
		</rsm:Observation>
		<rsm:Observation>
			<rsm:Position>
				<rsm:Sequence>50</rsm:Sequence>
			</rsm:Position>
			<rsm:Volume>249</rsm:Volume>
		</rsm:Observation>
		<rsm:Observation>
			<rsm:Position>
				<rsm:Sequence>51</rsm:Sequence>
			</rsm:Position>
			<rsm:Volume>250</rsm:Volume>
		</rsm:Observation>
		<rsm:Observation>
			<rsm:Position>
				<rsm:Sequence>52</rsm:Sequence>
			</rsm:Position>
			<rsm:Volume>251</rsm:Volume>
		</rsm:Observation>
		<rsm:Observation>
			<rsm:Position>
				<rsm:Sequence>53</rsm:Sequence>
			</rsm:Position>
			<rsm:Volume>252</rsm:Volume>
		</rsm:Observation>
		<rsm:Observation>
			<rsm:Position>
				<rsm:Sequence>54</rsm:Sequence>
			</rsm:Position>
			<rsm:Volume>253</rsm:Volume>
		</rsm:Observation>
		<rsm:Observation>
			<rsm:Position>
				<rsm:Sequence>55</rsm:Sequence>
			</rsm:Position>
			<rsm:Volume>254</rsm:Volume>
		</rsm:Observation>
		<rsm:Observation>
			<rsm:Position>
				<rsm:Sequence>56</rsm:Sequence>
			</rsm:Position>
			<rsm:Volume>255</rsm:Volume>
		</rsm:Observation>
		<rsm:Observation>
			<rsm:Position>
				<rsm:Sequence>57</rsm:Sequence>
			</rsm:Position>
			<rsm:Volume>256</rsm:Volume>
		</rsm:Observation>
		<rsm:Observation>
			<rsm:Position>
				<rsm:Sequence>58</rsm:Sequence>
			</rsm:Position>
			<rsm:Volume>257</rsm:Volume>
		</rsm:Observation>
		<rsm:Observation>
			<rsm:Position>
				<rsm:Sequence>59</rsm:Sequence>
			</rsm:Position>
			<rsm:Volume>258</rsm:Volume>
		</rsm:Observation>
		<rsm:Observation>
			<rsm:Position>
				<rsm:Sequence>60</rsm:Sequence>
			</rsm:Position>
			<rsm:Volume>259</rsm:Volume>
		</rsm:Observation>
		<rsm:Observation>
			<rsm:Position>
				<rsm:Sequence>61</rsm:Sequence>
			</rsm:Position>
			<rsm:Volume>260</rsm:Volume>
		</rsm:Observation>
		<rsm:Observation>
			<rsm:Position>
				<rsm:Sequence>62</rsm:Sequence>
			</rsm:Position>
			<rsm:Volume>261</rsm:Volume>
		</rsm:Observation>
		<rsm:Observation>
			<rsm:Position>
				<rsm:Sequence>63</rsm:Sequence>
			</rsm:Position>
			<rsm:Volume>262</rsm:Volume>
		</rsm:Observation>
		<rsm:Observation>
			<rsm:Position>
				<rsm:Sequence>64</rsm:Sequence>
			</rsm:Position>
			<rsm:Volume>263</rsm:Volume>
		</rsm:Observation>
		<rsm:Observation>
			<rsm:Position>
				<rsm:Sequence>65</rsm:Sequence>
			</rsm:Position>
			<rsm:Volume>264</rsm:Volume>
		</rsm:Observation>
		<rsm:Observation>
			<rsm:Position>
				<rsm:Sequence>66</rsm:Sequence>
			</rsm:Position>
			<rsm:Volume>265</rsm:Volume>
		</rsm:Observation>
		<rsm:Observation>
			<rsm:Position>
				<rsm:Sequence>67</rsm:Sequence>
			</rsm:Position>
			<rsm:Volume>266</rsm:Volume>
		</rsm:Observation>
		<rsm:Observation>
			<rsm:Position>
				<rsm:Sequence>68</rsm:Sequence>
			</rsm:Position>
			<rsm:Volume>267</rsm:Volume>
		</rsm:Observation>
		<rsm:Observation>
			<rsm:Position>
				<rsm:Sequence>69</rsm:Sequence>
			</rsm:Position>
			<rsm:Volume>268</rsm:Volume>
		</rsm:Observation>
		<rsm:Observation>
			<rsm:Position>
				<rsm:Sequence>70</rsm:Sequence>
			</rsm:Position>
			<rsm:Volume>269</rsm:Volume>
		</rsm:Observation>
		<rsm:Observation>
			<rsm:Position>
				<rsm:Sequence>71</rsm:Sequence>
			</rsm:Position>
			<rsm:Volume>270</rsm:Volume>
		</rsm:Observation>
		<rsm:Observation>
			<rsm:Position>
				<rsm:Sequence>72</rsm:Sequence>
			</rsm:Position>
			<rsm:Volume>271</rsm:Volume>
		</rsm:Observation>
		<rsm:Observation>
			<rsm:Position>
				<rsm:Sequence>73</rsm:Sequence>
			</rsm:Position>
			<rsm:Volume>272</rsm:Volume>
		</rsm:Observation>
		<rsm:Observation>
			<rsm:Position>
				<rsm:Sequence>74</rsm:Sequence>
			</rsm:Position>
			<rsm:Volume>273</rsm:Volume>
		</rsm:Observation>
		<rsm:Observation>
			<rsm:Position>
				<rsm:Sequence>75</rsm:Sequence>
			</rsm:Position>
			<rsm:Volume>274</rsm:Volume>
		</rsm:Observation>
		<rsm:Observation>
			<rsm:Position>
				<rsm:Sequence>76</rsm:Sequence>
			</rsm:Position>
			<rsm:Volume>275</rsm:Volume>
		</rsm:Observation>
		<rsm:Observation>
			<rsm:Position>
				<rsm:Sequence>77</rsm:Sequence>
			</rsm:Position>
			<rsm:Volume>276</rsm:Volume>
		</rsm:Observation>
		<rsm:Observation>
			<rsm:Position>
				<rsm:Sequence>78</rsm:Sequence>
			</rsm:Position>
			<rsm:Volume>277</rsm:Volume>
		</rsm:Observation>
		<rsm:Observation>
			<rsm:Position>
				<rsm:Sequence>79</rsm:Sequence>
			</rsm:Position>
			<rsm:Volume>278</rsm:Volume>
		</rsm:Observation>
		<rsm:Observation>
			<rsm:Position>
				<rsm:Sequence>80</rsm:Sequence>
			</rsm:Position>
			<rsm:Volume>279</rsm:Volume>
		</rsm:Observation>
		<rsm:Observation>
			<rsm:Position>
				<rsm:Sequence>81</rsm:Sequence>
			</rsm:Position>
			<rsm:Volume>280</rsm:Volume>
		</rsm:Observation>
		<rsm:Observation>
			<rsm:Position>
				<rsm:Sequence>82</rsm:Sequence>
			</rsm:Position>
			<rsm:Volume>281</rsm:Volume>
		</rsm:Observation>
		<rsm:Observation>
			<rsm:Position>
				<rsm:Sequence>83</rsm:Sequence>
			</rsm:Position>
			<rsm:Volume>282</rsm:Volume>
		</rsm:Observation>
		<rsm:Observation>
			<rsm:Position>
				<rsm:Sequence>84</rsm:Sequence>
			</rsm:Position>
			<rsm:Volume>283</rsm:Volume>
		</rsm:Observation>
		<rsm:Observation>
			<rsm:Position>
				<rsm:Sequence>85</rsm:Sequence>
			</rsm:Position>
			<rsm:Volume>284</rsm:Volume>
		</rsm:Observation>
		<rsm:Observation>
			<rsm:Position>
				<rsm:Sequence>86</rsm:Sequence>
			</rsm:Position>
			<rsm:Volume>285</rsm:Volume>
		</rsm:Observation>
		<rsm:Observation>
			<rsm:Position>
				<rsm:Sequence>87</rsm:Sequence>
			</rsm:Position>
			<rsm:Volume>286</rsm:Volume>
		</rsm:Observation>
		<rsm:Observation>
			<rsm:Position>
				<rsm:Sequence>88</rsm:Sequence>
			</rsm:Position>
			<rsm:Volume>287</rsm:Volume>
		</rsm:Observation>
		<rsm:Observation>
			<rsm:Position>
				<rsm:Sequence>89</rsm:Sequence>
			</rsm:Position>
			<rsm:Volume>288</rsm:Volume>
		</rsm:Observation>
		<rsm:Observation>
			<rsm:Position>
				<rsm:Sequence>90</rsm:Sequence>
			</rsm:Position>
			<rsm:Volume>289</rsm:Volume>
		</rsm:Observation>
		<rsm:Observation>
			<rsm:Position>
				<rsm:Sequence>91</rsm:Sequence>
			</rsm:Position>
			<rsm:Volume>290</rsm:Volume>
		</rsm:Observation>
		<rsm:Observation>
			<rsm:Position>
				<rsm:Sequence>92</rsm:Sequence>
			</rsm:Position>
			<rsm:Volume>291</rsm:Volume>
		</rsm:Observation>
		<rsm:Observation>
			<rsm:Position>
				<rsm:Sequence>93</rsm:Sequence>
			</rsm:Position>
			<rsm:Volume>292</rsm:Volume>
		</rsm:Observation>
		<rsm:Observation>
			<rsm:Position>
				<rsm:Sequence>94</rsm:Sequence>
			</rsm:Position>
			<rsm:Volume>293</rsm:Volume>
		</rsm:Observation>
		<rsm:Observation>
			<rsm:Position>
				<rsm:Sequence>95</rsm:Sequence>
			</rsm:Position>
			<rsm:Volume>294</rsm:Volume>
		</rsm:Observation>
		<rsm:Observation>
			<rsm:Position>
				<rsm:Sequence>96</rsm:Sequence>
			</rsm:Position>
			<rsm:Volume>295</rsm:Volume>
		</rsm:Observation>
	</rsm:MeteringData>
	<rsm:MeteringData>
		<rsm:DocumentID>DID_Beispiel_4_6_x_BGAbrBGV__40_11f</rsm:DocumentID>
		<rsm:Interval>
			<rsm:StartDateTime>2008-06-08T22:00:00Z</rsm:StartDateTime>
			<rsm:EndDateTime>2008-06-09T22:00:00Z</rsm:EndDateTime>
		</rsm:Interval>
		<rsm:Resolution>
			<rsm:Resolution>15</rsm:Resolution>
			<rsm:Unit>MIN</rsm:Unit>
		</rsm:Resolution>
		<rsm:MeteringGridArea>
			<rsm:EICID schemeAgencyID="305">12Y-AREA-B-00002</rsm:EICID>
		</rsm:MeteringGridArea>
		<rsm:Product>
			<rsm:ID schemeAgencyID="9">8716867000030</rsm:ID>
			<rsm:MeasureUnit>KWH</rsm:MeasureUnit>
		</rsm:Product>
		<rsm:AggregationCriteria>
			<rsm:FlowCharacteristic listAgencyID="260">E17</rsm:FlowCharacteristic>
			<rsm:SettlementMethodCharacteristic listAgencyID="260">E02</rsm:SettlementMethodCharacteristic>
			<rsm:BalanceResponsible>
				<rsm:EICID schemeAgencyID="305">12X-PARTY-L-000S</rsm:EICID>
			</rsm:BalanceResponsible>
		</rsm:AggregationCriteria>
		<rsm:Observation>
			<rsm:Position>
				<rsm:Sequence>1</rsm:Sequence>
			</rsm:Position>
			<rsm:Volume>600</rsm:Volume>
			<rsm:Condition>21</rsm:Condition>
		</rsm:Observation>
		<rsm:Observation>
			<rsm:Position>
				<rsm:Sequence>2</rsm:Sequence>
			</rsm:Position>
			<rsm:Volume>601</rsm:Volume>
			<rsm:Condition>56</rsm:Condition>
		</rsm:Observation>
		<rsm:Observation>
			<rsm:Position>
				<rsm:Sequence>3</rsm:Sequence>
			</rsm:Position>
			<rsm:Volume>602.602</rsm:Volume>
		</rsm:Observation>
		<rsm:Observation>
			<rsm:Position>
				<rsm:Sequence>4</rsm:Sequence>
			</rsm:Position>
			<rsm:Volume>603</rsm:Volume>
		</rsm:Observation>
		<rsm:Observation>
			<rsm:Position>
				<rsm:Sequence>5</rsm:Sequence>
			</rsm:Position>
			<rsm:Volume>604</rsm:Volume>
		</rsm:Observation>
		<rsm:Observation>
			<rsm:Position>
				<rsm:Sequence>6</rsm:Sequence>
			</rsm:Position>
			<rsm:Volume>605</rsm:Volume>
		</rsm:Observation>
		<rsm:Observation>
			<rsm:Position>
				<rsm:Sequence>7</rsm:Sequence>
			</rsm:Position>
			<rsm:Volume>606</rsm:Volume>
		</rsm:Observation>
		<rsm:Observation>
			<rsm:Position>
				<rsm:Sequence>8</rsm:Sequence>
			</rsm:Position>
			<rsm:Volume>607</rsm:Volume>
		</rsm:Observation>
		<rsm:Observation>
			<rsm:Position>
				<rsm:Sequence>9</rsm:Sequence>
			</rsm:Position>
			<rsm:Volume>608</rsm:Volume>
		</rsm:Observation>
		<rsm:Observation>
			<rsm:Position>
				<rsm:Sequence>10</rsm:Sequence>
			</rsm:Position>
			<rsm:Volume>609</rsm:Volume>
		</rsm:Observation>
		<rsm:Observation>
			<rsm:Position>
				<rsm:Sequence>11</rsm:Sequence>
			</rsm:Position>
			<rsm:Volume>610</rsm:Volume>
		</rsm:Observation>
		<rsm:Observation>
			<rsm:Position>
				<rsm:Sequence>12</rsm:Sequence>
			</rsm:Position>
			<rsm:Volume>611</rsm:Volume>
		</rsm:Observation>
		<rsm:Observation>
			<rsm:Position>
				<rsm:Sequence>13</rsm:Sequence>
			</rsm:Position>
			<rsm:Volume>612</rsm:Volume>
		</rsm:Observation>
		<rsm:Observation>
			<rsm:Position>
				<rsm:Sequence>14</rsm:Sequence>
			</rsm:Position>
			<rsm:Volume>613</rsm:Volume>
		</rsm:Observation>
		<rsm:Observation>
			<rsm:Position>
				<rsm:Sequence>15</rsm:Sequence>
			</rsm:Position>
			<rsm:Volume>614</rsm:Volume>
		</rsm:Observation>
		<rsm:Observation>
			<rsm:Position>
				<rsm:Sequence>16</rsm:Sequence>
			</rsm:Position>
			<rsm:Volume>615</rsm:Volume>
		</rsm:Observation>
		<rsm:Observation>
			<rsm:Position>
				<rsm:Sequence>17</rsm:Sequence>
			</rsm:Position>
			<rsm:Volume>616</rsm:Volume>
		</rsm:Observation>
		<rsm:Observation>
			<rsm:Position>
				<rsm:Sequence>18</rsm:Sequence>
			</rsm:Position>
			<rsm:Volume>617</rsm:Volume>
		</rsm:Observation>
		<rsm:Observation>
			<rsm:Position>
				<rsm:Sequence>19</rsm:Sequence>
			</rsm:Position>
			<rsm:Volume>618</rsm:Volume>
		</rsm:Observation>
		<rsm:Observation>
			<rsm:Position>
				<rsm:Sequence>20</rsm:Sequence>
			</rsm:Position>
			<rsm:Volume>619</rsm:Volume>
		</rsm:Observation>
		<rsm:Observation>
			<rsm:Position>
				<rsm:Sequence>21</rsm:Sequence>
			</rsm:Position>
			<rsm:Volume>620</rsm:Volume>
		</rsm:Observation>
		<rsm:Observation>
			<rsm:Position>
				<rsm:Sequence>22</rsm:Sequence>
			</rsm:Position>
			<rsm:Volume>621</rsm:Volume>
		</rsm:Observation>
		<rsm:Observation>
			<rsm:Position>
				<rsm:Sequence>23</rsm:Sequence>
			</rsm:Position>
			<rsm:Volume>622</rsm:Volume>
		</rsm:Observation>
		<rsm:Observation>
			<rsm:Position>
				<rsm:Sequence>24</rsm:Sequence>
			</rsm:Position>
			<rsm:Volume>623</rsm:Volume>
		</rsm:Observation>
		<rsm:Observation>
			<rsm:Position>
				<rsm:Sequence>25</rsm:Sequence>
			</rsm:Position>
			<rsm:Volume>624</rsm:Volume>
		</rsm:Observation>
		<rsm:Observation>
			<rsm:Position>
				<rsm:Sequence>26</rsm:Sequence>
			</rsm:Position>
			<rsm:Volume>625</rsm:Volume>
		</rsm:Observation>
		<rsm:Observation>
			<rsm:Position>
				<rsm:Sequence>27</rsm:Sequence>
			</rsm:Position>
			<rsm:Volume>626</rsm:Volume>
		</rsm:Observation>
		<rsm:Observation>
			<rsm:Position>
				<rsm:Sequence>28</rsm:Sequence>
			</rsm:Position>
			<rsm:Volume>627</rsm:Volume>
		</rsm:Observation>
		<rsm:Observation>
			<rsm:Position>
				<rsm:Sequence>29</rsm:Sequence>
			</rsm:Position>
			<rsm:Volume>628</rsm:Volume>
		</rsm:Observation>
		<rsm:Observation>
			<rsm:Position>
				<rsm:Sequence>30</rsm:Sequence>
			</rsm:Position>
			<rsm:Volume>629</rsm:Volume>
		</rsm:Observation>
		<rsm:Observation>
			<rsm:Position>
				<rsm:Sequence>31</rsm:Sequence>
			</rsm:Position>
			<rsm:Volume>630</rsm:Volume>
		</rsm:Observation>
		<rsm:Observation>
			<rsm:Position>
				<rsm:Sequence>32</rsm:Sequence>
			</rsm:Position>
			<rsm:Volume>631</rsm:Volume>
		</rsm:Observation>
		<rsm:Observation>
			<rsm:Position>
				<rsm:Sequence>33</rsm:Sequence>
			</rsm:Position>
			<rsm:Volume>632</rsm:Volume>
		</rsm:Observation>
		<rsm:Observation>
			<rsm:Position>
				<rsm:Sequence>34</rsm:Sequence>
			</rsm:Position>
			<rsm:Volume>633</rsm:Volume>
		</rsm:Observation>
		<rsm:Observation>
			<rsm:Position>
				<rsm:Sequence>35</rsm:Sequence>
			</rsm:Position>
			<rsm:Volume>634</rsm:Volume>
		</rsm:Observation>
		<rsm:Observation>
			<rsm:Position>
				<rsm:Sequence>36</rsm:Sequence>
			</rsm:Position>
			<rsm:Volume>635</rsm:Volume>
		</rsm:Observation>
		<rsm:Observation>
			<rsm:Position>
				<rsm:Sequence>37</rsm:Sequence>
			</rsm:Position>
			<rsm:Volume>636</rsm:Volume>
		</rsm:Observation>
		<rsm:Observation>
			<rsm:Position>
				<rsm:Sequence>38</rsm:Sequence>
			</rsm:Position>
			<rsm:Volume>637</rsm:Volume>
		</rsm:Observation>
		<rsm:Observation>
			<rsm:Position>
				<rsm:Sequence>39</rsm:Sequence>
			</rsm:Position>
			<rsm:Volume>638</rsm:Volume>
		</rsm:Observation>
		<rsm:Observation>
			<rsm:Position>
				<rsm:Sequence>40</rsm:Sequence>
			</rsm:Position>
			<rsm:Volume>639</rsm:Volume>
		</rsm:Observation>
		<rsm:Observation>
			<rsm:Position>
				<rsm:Sequence>41</rsm:Sequence>
			</rsm:Position>
			<rsm:Volume>640</rsm:Volume>
		</rsm:Observation>
		<rsm:Observation>
			<rsm:Position>
				<rsm:Sequence>42</rsm:Sequence>
			</rsm:Position>
			<rsm:Volume>641</rsm:Volume>
		</rsm:Observation>
		<rsm:Observation>
			<rsm:Position>
				<rsm:Sequence>43</rsm:Sequence>
			</rsm:Position>
			<rsm:Volume>642</rsm:Volume>
		</rsm:Observation>
		<rsm:Observation>
			<rsm:Position>
				<rsm:Sequence>44</rsm:Sequence>
			</rsm:Position>
			<rsm:Volume>643</rsm:Volume>
		</rsm:Observation>
		<rsm:Observation>
			<rsm:Position>
				<rsm:Sequence>45</rsm:Sequence>
			</rsm:Position>
			<rsm:Volume>644</rsm:Volume>
		</rsm:Observation>
		<rsm:Observation>
			<rsm:Position>
				<rsm:Sequence>46</rsm:Sequence>
			</rsm:Position>
			<rsm:Volume>645</rsm:Volume>
		</rsm:Observation>
		<rsm:Observation>
			<rsm:Position>
				<rsm:Sequence>47</rsm:Sequence>
			</rsm:Position>
			<rsm:Volume>646</rsm:Volume>
		</rsm:Observation>
		<rsm:Observation>
			<rsm:Position>
				<rsm:Sequence>48</rsm:Sequence>
			</rsm:Position>
			<rsm:Volume>647</rsm:Volume>
		</rsm:Observation>
		<rsm:Observation>
			<rsm:Position>
				<rsm:Sequence>49</rsm:Sequence>
			</rsm:Position>
			<rsm:Volume>648</rsm:Volume>
		</rsm:Observation>
		<rsm:Observation>
			<rsm:Position>
				<rsm:Sequence>50</rsm:Sequence>
			</rsm:Position>
			<rsm:Volume>649</rsm:Volume>
		</rsm:Observation>
		<rsm:Observation>
			<rsm:Position>
				<rsm:Sequence>51</rsm:Sequence>
			</rsm:Position>
			<rsm:Volume>650</rsm:Volume>
		</rsm:Observation>
		<rsm:Observation>
			<rsm:Position>
				<rsm:Sequence>52</rsm:Sequence>
			</rsm:Position>
			<rsm:Volume>651</rsm:Volume>
		</rsm:Observation>
		<rsm:Observation>
			<rsm:Position>
				<rsm:Sequence>53</rsm:Sequence>
			</rsm:Position>
			<rsm:Volume>652</rsm:Volume>
		</rsm:Observation>
		<rsm:Observation>
			<rsm:Position>
				<rsm:Sequence>54</rsm:Sequence>
			</rsm:Position>
			<rsm:Volume>653</rsm:Volume>
		</rsm:Observation>
		<rsm:Observation>
			<rsm:Position>
				<rsm:Sequence>55</rsm:Sequence>
			</rsm:Position>
			<rsm:Volume>654</rsm:Volume>
		</rsm:Observation>
		<rsm:Observation>
			<rsm:Position>
				<rsm:Sequence>56</rsm:Sequence>
			</rsm:Position>
			<rsm:Volume>655</rsm:Volume>
		</rsm:Observation>
		<rsm:Observation>
			<rsm:Position>
				<rsm:Sequence>57</rsm:Sequence>
			</rsm:Position>
			<rsm:Volume>656</rsm:Volume>
		</rsm:Observation>
		<rsm:Observation>
			<rsm:Position>
				<rsm:Sequence>58</rsm:Sequence>
			</rsm:Position>
			<rsm:Volume>657</rsm:Volume>
		</rsm:Observation>
		<rsm:Observation>
			<rsm:Position>
				<rsm:Sequence>59</rsm:Sequence>
			</rsm:Position>
			<rsm:Volume>658</rsm:Volume>
		</rsm:Observation>
		<rsm:Observation>
			<rsm:Position>
				<rsm:Sequence>60</rsm:Sequence>
			</rsm:Position>
			<rsm:Volume>659</rsm:Volume>
		</rsm:Observation>
		<rsm:Observation>
			<rsm:Position>
				<rsm:Sequence>61</rsm:Sequence>
			</rsm:Position>
			<rsm:Volume>660</rsm:Volume>
		</rsm:Observation>
		<rsm:Observation>
			<rsm:Position>
				<rsm:Sequence>62</rsm:Sequence>
			</rsm:Position>
			<rsm:Volume>661</rsm:Volume>
		</rsm:Observation>
		<rsm:Observation>
			<rsm:Position>
				<rsm:Sequence>63</rsm:Sequence>
			</rsm:Position>
			<rsm:Volume>662</rsm:Volume>
		</rsm:Observation>
		<rsm:Observation>
			<rsm:Position>
				<rsm:Sequence>64</rsm:Sequence>
			</rsm:Position>
			<rsm:Volume>663</rsm:Volume>
		</rsm:Observation>
		<rsm:Observation>
			<rsm:Position>
				<rsm:Sequence>65</rsm:Sequence>
			</rsm:Position>
			<rsm:Volume>664</rsm:Volume>
		</rsm:Observation>
		<rsm:Observation>
			<rsm:Position>
				<rsm:Sequence>66</rsm:Sequence>
			</rsm:Position>
			<rsm:Volume>665</rsm:Volume>
		</rsm:Observation>
		<rsm:Observation>
			<rsm:Position>
				<rsm:Sequence>67</rsm:Sequence>
			</rsm:Position>
			<rsm:Volume>666</rsm:Volume>
		</rsm:Observation>
		<rsm:Observation>
			<rsm:Position>
				<rsm:Sequence>68</rsm:Sequence>
			</rsm:Position>
			<rsm:Volume>667</rsm:Volume>
		</rsm:Observation>
		<rsm:Observation>
			<rsm:Position>
				<rsm:Sequence>69</rsm:Sequence>
			</rsm:Position>
			<rsm:Volume>668</rsm:Volume>
		</rsm:Observation>
		<rsm:Observation>
			<rsm:Position>
				<rsm:Sequence>70</rsm:Sequence>
			</rsm:Position>
			<rsm:Volume>669</rsm:Volume>
		</rsm:Observation>
		<rsm:Observation>
			<rsm:Position>
				<rsm:Sequence>71</rsm:Sequence>
			</rsm:Position>
			<rsm:Volume>670</rsm:Volume>
		</rsm:Observation>
		<rsm:Observation>
			<rsm:Position>
				<rsm:Sequence>72</rsm:Sequence>
			</rsm:Position>
			<rsm:Volume>671</rsm:Volume>
		</rsm:Observation>
		<rsm:Observation>
			<rsm:Position>
				<rsm:Sequence>73</rsm:Sequence>
			</rsm:Position>
			<rsm:Volume>672</rsm:Volume>
		</rsm:Observation>
		<rsm:Observation>
			<rsm:Position>
				<rsm:Sequence>74</rsm:Sequence>
			</rsm:Position>
			<rsm:Volume>673</rsm:Volume>
		</rsm:Observation>
		<rsm:Observation>
			<rsm:Position>
				<rsm:Sequence>75</rsm:Sequence>
			</rsm:Position>
			<rsm:Volume>674</rsm:Volume>
		</rsm:Observation>
		<rsm:Observation>
			<rsm:Position>
				<rsm:Sequence>76</rsm:Sequence>
			</rsm:Position>
			<rsm:Volume>675</rsm:Volume>
		</rsm:Observation>
		<rsm:Observation>
			<rsm:Position>
				<rsm:Sequence>77</rsm:Sequence>
			</rsm:Position>
			<rsm:Volume>676</rsm:Volume>
		</rsm:Observation>
		<rsm:Observation>
			<rsm:Position>
				<rsm:Sequence>78</rsm:Sequence>
			</rsm:Position>
			<rsm:Volume>677</rsm:Volume>
		</rsm:Observation>
		<rsm:Observation>
			<rsm:Position>
				<rsm:Sequence>79</rsm:Sequence>
			</rsm:Position>
			<rsm:Volume>678</rsm:Volume>
		</rsm:Observation>
		<rsm:Observation>
			<rsm:Position>
				<rsm:Sequence>80</rsm:Sequence>
			</rsm:Position>
			<rsm:Volume>679</rsm:Volume>
		</rsm:Observation>
		<rsm:Observation>
			<rsm:Position>
				<rsm:Sequence>81</rsm:Sequence>
			</rsm:Position>
			<rsm:Volume>680</rsm:Volume>
		</rsm:Observation>
		<rsm:Observation>
			<rsm:Position>
				<rsm:Sequence>82</rsm:Sequence>
			</rsm:Position>
			<rsm:Volume>681</rsm:Volume>
		</rsm:Observation>
		<rsm:Observation>
			<rsm:Position>
				<rsm:Sequence>83</rsm:Sequence>
			</rsm:Position>
			<rsm:Volume>682</rsm:Volume>
		</rsm:Observation>
		<rsm:Observation>
			<rsm:Position>
				<rsm:Sequence>84</rsm:Sequence>
			</rsm:Position>
			<rsm:Volume>683</rsm:Volume>
		</rsm:Observation>
		<rsm:Observation>
			<rsm:Position>
				<rsm:Sequence>85</rsm:Sequence>
			</rsm:Position>
			<rsm:Volume>684</rsm:Volume>
		</rsm:Observation>
		<rsm:Observation>
			<rsm:Position>
				<rsm:Sequence>86</rsm:Sequence>
			</rsm:Position>
			<rsm:Volume>685</rsm:Volume>
		</rsm:Observation>
		<rsm:Observation>
			<rsm:Position>
				<rsm:Sequence>87</rsm:Sequence>
			</rsm:Position>
			<rsm:Volume>686</rsm:Volume>
		</rsm:Observation>
		<rsm:Observation>
			<rsm:Position>
				<rsm:Sequence>88</rsm:Sequence>
			</rsm:Position>
			<rsm:Volume>687</rsm:Volume>
		</rsm:Observation>
		<rsm:Observation>
			<rsm:Position>
				<rsm:Sequence>89</rsm:Sequence>
			</rsm:Position>
			<rsm:Volume>688</rsm:Volume>
		</rsm:Observation>
		<rsm:Observation>
			<rsm:Position>
				<rsm:Sequence>90</rsm:Sequence>
			</rsm:Position>
			<rsm:Volume>689</rsm:Volume>
		</rsm:Observation>
		<rsm:Observation>
			<rsm:Position>
				<rsm:Sequence>91</rsm:Sequence>
			</rsm:Position>
			<rsm:Volume>690</rsm:Volume>
		</rsm:Observation>
		<rsm:Observation>
			<rsm:Position>
				<rsm:Sequence>92</rsm:Sequence>
			</rsm:Position>
			<rsm:Volume>691</rsm:Volume>
		</rsm:Observation>
		<rsm:Observation>
			<rsm:Position>
				<rsm:Sequence>93</rsm:Sequence>
			</rsm:Position>
			<rsm:Volume>692</rsm:Volume>
		</rsm:Observation>
		<rsm:Observation>
			<rsm:Position>
				<rsm:Sequence>94</rsm:Sequence>
			</rsm:Position>
			<rsm:Volume>693</rsm:Volume>
		</rsm:Observation>
		<rsm:Observation>
			<rsm:Position>
				<rsm:Sequence>95</rsm:Sequence>
			</rsm:Position>
			<rsm:Volume>694</rsm:Volume>
		</rsm:Observation>
		<rsm:Observation>
			<rsm:Position>
				<rsm:Sequence>96</rsm:Sequence>
			</rsm:Position>
			<rsm:Volume>695</rsm:Volume>
		</rsm:Observation>
	</rsm:MeteringData>
	<rsm:MeteringData>
		<rsm:DocumentID>DID_Beispiel_4_6_x_BGAbrBGV__40_11g</rsm:DocumentID>
		<rsm:Interval>
			<rsm:StartDateTime>2008-06-08T22:00:00Z</rsm:StartDateTime>
			<rsm:EndDateTime>2008-06-09T22:00:00Z</rsm:EndDateTime>
		</rsm:Interval>
		<rsm:Resolution>
			<rsm:Resolution>15</rsm:Resolution>
			<rsm:Unit>MIN</rsm:Unit>
		</rsm:Resolution>
		<rsm:MeteringGridArea>
			<rsm:EICID schemeAgencyID="305">12Y-AREA-A-00009</rsm:EICID>
		</rsm:MeteringGridArea>
		<rsm:Product>
			<rsm:ID schemeAgencyID="9">8716867000030</rsm:ID>
			<rsm:MeasureUnit>KWH</rsm:MeasureUnit>
		</rsm:Product>
		<rsm:AggregationCriteria>
			<rsm:FlowCharacteristic listAgencyID="260">E17</rsm:FlowCharacteristic>
			<rsm:SettlementMethodCharacteristic listAgencyID="260">E02</rsm:SettlementMethodCharacteristic>
			<rsm:BalanceResponsible>
				<rsm:EICID schemeAgencyID="305">12X-PARTY-L-000S</rsm:EICID>
			</rsm:BalanceResponsible>
		</rsm:AggregationCriteria>
		<rsm:Observation>
			<rsm:Position>
				<rsm:Sequence>1</rsm:Sequence>
			</rsm:Position>
			<rsm:Volume>700</rsm:Volume>
			<rsm:Condition>21</rsm:Condition>
		</rsm:Observation>
		<rsm:Observation>
			<rsm:Position>
				<rsm:Sequence>2</rsm:Sequence>
			</rsm:Position>
			<rsm:Volume>701</rsm:Volume>
			<rsm:Condition>56</rsm:Condition>
		</rsm:Observation>
		<rsm:Observation>
			<rsm:Position>
				<rsm:Sequence>3</rsm:Sequence>
			</rsm:Position>
			<rsm:Volume>702.702</rsm:Volume>
		</rsm:Observation>
		<rsm:Observation>
			<rsm:Position>
				<rsm:Sequence>4</rsm:Sequence>
			</rsm:Position>
			<rsm:Volume>703</rsm:Volume>
		</rsm:Observation>
		<rsm:Observation>
			<rsm:Position>
				<rsm:Sequence>5</rsm:Sequence>
			</rsm:Position>
			<rsm:Volume>704</rsm:Volume>
		</rsm:Observation>
		<rsm:Observation>
			<rsm:Position>
				<rsm:Sequence>6</rsm:Sequence>
			</rsm:Position>
			<rsm:Volume>705</rsm:Volume>
		</rsm:Observation>
		<rsm:Observation>
			<rsm:Position>
				<rsm:Sequence>7</rsm:Sequence>
			</rsm:Position>
			<rsm:Volume>706</rsm:Volume>
		</rsm:Observation>
		<rsm:Observation>
			<rsm:Position>
				<rsm:Sequence>8</rsm:Sequence>
			</rsm:Position>
			<rsm:Volume>707</rsm:Volume>
		</rsm:Observation>
		<rsm:Observation>
			<rsm:Position>
				<rsm:Sequence>9</rsm:Sequence>
			</rsm:Position>
			<rsm:Volume>708</rsm:Volume>
		</rsm:Observation>
		<rsm:Observation>
			<rsm:Position>
				<rsm:Sequence>10</rsm:Sequence>
			</rsm:Position>
			<rsm:Volume>709</rsm:Volume>
		</rsm:Observation>
		<rsm:Observation>
			<rsm:Position>
				<rsm:Sequence>11</rsm:Sequence>
			</rsm:Position>
			<rsm:Volume>710</rsm:Volume>
		</rsm:Observation>
		<rsm:Observation>
			<rsm:Position>
				<rsm:Sequence>12</rsm:Sequence>
			</rsm:Position>
			<rsm:Volume>711</rsm:Volume>
		</rsm:Observation>
		<rsm:Observation>
			<rsm:Position>
				<rsm:Sequence>13</rsm:Sequence>
			</rsm:Position>
			<rsm:Volume>712</rsm:Volume>
		</rsm:Observation>
		<rsm:Observation>
			<rsm:Position>
				<rsm:Sequence>14</rsm:Sequence>
			</rsm:Position>
			<rsm:Volume>713</rsm:Volume>
		</rsm:Observation>
		<rsm:Observation>
			<rsm:Position>
				<rsm:Sequence>15</rsm:Sequence>
			</rsm:Position>
			<rsm:Volume>714</rsm:Volume>
		</rsm:Observation>
		<rsm:Observation>
			<rsm:Position>
				<rsm:Sequence>16</rsm:Sequence>
			</rsm:Position>
			<rsm:Volume>715</rsm:Volume>
		</rsm:Observation>
		<rsm:Observation>
			<rsm:Position>
				<rsm:Sequence>17</rsm:Sequence>
			</rsm:Position>
			<rsm:Volume>716</rsm:Volume>
		</rsm:Observation>
		<rsm:Observation>
			<rsm:Position>
				<rsm:Sequence>18</rsm:Sequence>
			</rsm:Position>
			<rsm:Volume>717</rsm:Volume>
		</rsm:Observation>
		<rsm:Observation>
			<rsm:Position>
				<rsm:Sequence>19</rsm:Sequence>
			</rsm:Position>
			<rsm:Volume>718</rsm:Volume>
		</rsm:Observation>
		<rsm:Observation>
			<rsm:Position>
				<rsm:Sequence>20</rsm:Sequence>
			</rsm:Position>
			<rsm:Volume>719</rsm:Volume>
		</rsm:Observation>
		<rsm:Observation>
			<rsm:Position>
				<rsm:Sequence>21</rsm:Sequence>
			</rsm:Position>
			<rsm:Volume>720</rsm:Volume>
		</rsm:Observation>
		<rsm:Observation>
			<rsm:Position>
				<rsm:Sequence>22</rsm:Sequence>
			</rsm:Position>
			<rsm:Volume>721</rsm:Volume>
		</rsm:Observation>
		<rsm:Observation>
			<rsm:Position>
				<rsm:Sequence>23</rsm:Sequence>
			</rsm:Position>
			<rsm:Volume>722</rsm:Volume>
		</rsm:Observation>
		<rsm:Observation>
			<rsm:Position>
				<rsm:Sequence>24</rsm:Sequence>
			</rsm:Position>
			<rsm:Volume>723</rsm:Volume>
		</rsm:Observation>
		<rsm:Observation>
			<rsm:Position>
				<rsm:Sequence>25</rsm:Sequence>
			</rsm:Position>
			<rsm:Volume>724</rsm:Volume>
		</rsm:Observation>
		<rsm:Observation>
			<rsm:Position>
				<rsm:Sequence>26</rsm:Sequence>
			</rsm:Position>
			<rsm:Volume>725</rsm:Volume>
		</rsm:Observation>
		<rsm:Observation>
			<rsm:Position>
				<rsm:Sequence>27</rsm:Sequence>
			</rsm:Position>
			<rsm:Volume>726</rsm:Volume>
		</rsm:Observation>
		<rsm:Observation>
			<rsm:Position>
				<rsm:Sequence>28</rsm:Sequence>
			</rsm:Position>
			<rsm:Volume>727</rsm:Volume>
		</rsm:Observation>
		<rsm:Observation>
			<rsm:Position>
				<rsm:Sequence>29</rsm:Sequence>
			</rsm:Position>
			<rsm:Volume>728</rsm:Volume>
		</rsm:Observation>
		<rsm:Observation>
			<rsm:Position>
				<rsm:Sequence>30</rsm:Sequence>
			</rsm:Position>
			<rsm:Volume>729</rsm:Volume>
		</rsm:Observation>
		<rsm:Observation>
			<rsm:Position>
				<rsm:Sequence>31</rsm:Sequence>
			</rsm:Position>
			<rsm:Volume>730</rsm:Volume>
		</rsm:Observation>
		<rsm:Observation>
			<rsm:Position>
				<rsm:Sequence>32</rsm:Sequence>
			</rsm:Position>
			<rsm:Volume>731</rsm:Volume>
		</rsm:Observation>
		<rsm:Observation>
			<rsm:Position>
				<rsm:Sequence>33</rsm:Sequence>
			</rsm:Position>
			<rsm:Volume>732</rsm:Volume>
		</rsm:Observation>
		<rsm:Observation>
			<rsm:Position>
				<rsm:Sequence>34</rsm:Sequence>
			</rsm:Position>
			<rsm:Volume>733</rsm:Volume>
		</rsm:Observation>
		<rsm:Observation>
			<rsm:Position>
				<rsm:Sequence>35</rsm:Sequence>
			</rsm:Position>
			<rsm:Volume>734</rsm:Volume>
		</rsm:Observation>
		<rsm:Observation>
			<rsm:Position>
				<rsm:Sequence>36</rsm:Sequence>
			</rsm:Position>
			<rsm:Volume>735</rsm:Volume>
		</rsm:Observation>
		<rsm:Observation>
			<rsm:Position>
				<rsm:Sequence>37</rsm:Sequence>
			</rsm:Position>
			<rsm:Volume>736</rsm:Volume>
		</rsm:Observation>
		<rsm:Observation>
			<rsm:Position>
				<rsm:Sequence>38</rsm:Sequence>
			</rsm:Position>
			<rsm:Volume>737</rsm:Volume>
		</rsm:Observation>
		<rsm:Observation>
			<rsm:Position>
				<rsm:Sequence>39</rsm:Sequence>
			</rsm:Position>
			<rsm:Volume>738</rsm:Volume>
		</rsm:Observation>
		<rsm:Observation>
			<rsm:Position>
				<rsm:Sequence>40</rsm:Sequence>
			</rsm:Position>
			<rsm:Volume>739</rsm:Volume>
		</rsm:Observation>
		<rsm:Observation>
			<rsm:Position>
				<rsm:Sequence>41</rsm:Sequence>
			</rsm:Position>
			<rsm:Volume>740</rsm:Volume>
		</rsm:Observation>
		<rsm:Observation>
			<rsm:Position>
				<rsm:Sequence>42</rsm:Sequence>
			</rsm:Position>
			<rsm:Volume>741</rsm:Volume>
		</rsm:Observation>
		<rsm:Observation>
			<rsm:Position>
				<rsm:Sequence>43</rsm:Sequence>
			</rsm:Position>
			<rsm:Volume>742</rsm:Volume>
		</rsm:Observation>
		<rsm:Observation>
			<rsm:Position>
				<rsm:Sequence>44</rsm:Sequence>
			</rsm:Position>
			<rsm:Volume>743</rsm:Volume>
		</rsm:Observation>
		<rsm:Observation>
			<rsm:Position>
				<rsm:Sequence>45</rsm:Sequence>
			</rsm:Position>
			<rsm:Volume>744</rsm:Volume>
		</rsm:Observation>
		<rsm:Observation>
			<rsm:Position>
				<rsm:Sequence>46</rsm:Sequence>
			</rsm:Position>
			<rsm:Volume>745</rsm:Volume>
		</rsm:Observation>
		<rsm:Observation>
			<rsm:Position>
				<rsm:Sequence>47</rsm:Sequence>
			</rsm:Position>
			<rsm:Volume>746</rsm:Volume>
		</rsm:Observation>
		<rsm:Observation>
			<rsm:Position>
				<rsm:Sequence>48</rsm:Sequence>
			</rsm:Position>
			<rsm:Volume>747</rsm:Volume>
		</rsm:Observation>
		<rsm:Observation>
			<rsm:Position>
				<rsm:Sequence>49</rsm:Sequence>
			</rsm:Position>
			<rsm:Volume>748</rsm:Volume>
		</rsm:Observation>
		<rsm:Observation>
			<rsm:Position>
				<rsm:Sequence>50</rsm:Sequence>
			</rsm:Position>
			<rsm:Volume>749</rsm:Volume>
		</rsm:Observation>
		<rsm:Observation>
			<rsm:Position>
				<rsm:Sequence>51</rsm:Sequence>
			</rsm:Position>
			<rsm:Volume>750</rsm:Volume>
		</rsm:Observation>
		<rsm:Observation>
			<rsm:Position>
				<rsm:Sequence>52</rsm:Sequence>
			</rsm:Position>
			<rsm:Volume>751</rsm:Volume>
		</rsm:Observation>
		<rsm:Observation>
			<rsm:Position>
				<rsm:Sequence>53</rsm:Sequence>
			</rsm:Position>
			<rsm:Volume>752</rsm:Volume>
		</rsm:Observation>
		<rsm:Observation>
			<rsm:Position>
				<rsm:Sequence>54</rsm:Sequence>
			</rsm:Position>
			<rsm:Volume>753</rsm:Volume>
		</rsm:Observation>
		<rsm:Observation>
			<rsm:Position>
				<rsm:Sequence>55</rsm:Sequence>
			</rsm:Position>
			<rsm:Volume>754</rsm:Volume>
		</rsm:Observation>
		<rsm:Observation>
			<rsm:Position>
				<rsm:Sequence>56</rsm:Sequence>
			</rsm:Position>
			<rsm:Volume>755</rsm:Volume>
		</rsm:Observation>
		<rsm:Observation>
			<rsm:Position>
				<rsm:Sequence>57</rsm:Sequence>
			</rsm:Position>
			<rsm:Volume>756</rsm:Volume>
		</rsm:Observation>
		<rsm:Observation>
			<rsm:Position>
				<rsm:Sequence>58</rsm:Sequence>
			</rsm:Position>
			<rsm:Volume>757</rsm:Volume>
		</rsm:Observation>
		<rsm:Observation>
			<rsm:Position>
				<rsm:Sequence>59</rsm:Sequence>
			</rsm:Position>
			<rsm:Volume>758</rsm:Volume>
		</rsm:Observation>
		<rsm:Observation>
			<rsm:Position>
				<rsm:Sequence>60</rsm:Sequence>
			</rsm:Position>
			<rsm:Volume>759</rsm:Volume>
		</rsm:Observation>
		<rsm:Observation>
			<rsm:Position>
				<rsm:Sequence>61</rsm:Sequence>
			</rsm:Position>
			<rsm:Volume>760</rsm:Volume>
		</rsm:Observation>
		<rsm:Observation>
			<rsm:Position>
				<rsm:Sequence>62</rsm:Sequence>
			</rsm:Position>
			<rsm:Volume>761</rsm:Volume>
		</rsm:Observation>
		<rsm:Observation>
			<rsm:Position>
				<rsm:Sequence>63</rsm:Sequence>
			</rsm:Position>
			<rsm:Volume>762</rsm:Volume>
		</rsm:Observation>
		<rsm:Observation>
			<rsm:Position>
				<rsm:Sequence>64</rsm:Sequence>
			</rsm:Position>
			<rsm:Volume>763</rsm:Volume>
		</rsm:Observation>
		<rsm:Observation>
			<rsm:Position>
				<rsm:Sequence>65</rsm:Sequence>
			</rsm:Position>
			<rsm:Volume>764</rsm:Volume>
		</rsm:Observation>
		<rsm:Observation>
			<rsm:Position>
				<rsm:Sequence>66</rsm:Sequence>
			</rsm:Position>
			<rsm:Volume>765</rsm:Volume>
		</rsm:Observation>
		<rsm:Observation>
			<rsm:Position>
				<rsm:Sequence>67</rsm:Sequence>
			</rsm:Position>
			<rsm:Volume>766</rsm:Volume>
		</rsm:Observation>
		<rsm:Observation>
			<rsm:Position>
				<rsm:Sequence>68</rsm:Sequence>
			</rsm:Position>
			<rsm:Volume>767</rsm:Volume>
		</rsm:Observation>
		<rsm:Observation>
			<rsm:Position>
				<rsm:Sequence>69</rsm:Sequence>
			</rsm:Position>
			<rsm:Volume>768</rsm:Volume>
		</rsm:Observation>
		<rsm:Observation>
			<rsm:Position>
				<rsm:Sequence>70</rsm:Sequence>
			</rsm:Position>
			<rsm:Volume>769</rsm:Volume>
		</rsm:Observation>
		<rsm:Observation>
			<rsm:Position>
				<rsm:Sequence>71</rsm:Sequence>
			</rsm:Position>
			<rsm:Volume>770</rsm:Volume>
		</rsm:Observation>
		<rsm:Observation>
			<rsm:Position>
				<rsm:Sequence>72</rsm:Sequence>
			</rsm:Position>
			<rsm:Volume>771</rsm:Volume>
		</rsm:Observation>
		<rsm:Observation>
			<rsm:Position>
				<rsm:Sequence>73</rsm:Sequence>
			</rsm:Position>
			<rsm:Volume>772</rsm:Volume>
		</rsm:Observation>
		<rsm:Observation>
			<rsm:Position>
				<rsm:Sequence>74</rsm:Sequence>
			</rsm:Position>
			<rsm:Volume>773</rsm:Volume>
		</rsm:Observation>
		<rsm:Observation>
			<rsm:Position>
				<rsm:Sequence>75</rsm:Sequence>
			</rsm:Position>
			<rsm:Volume>774</rsm:Volume>
		</rsm:Observation>
		<rsm:Observation>
			<rsm:Position>
				<rsm:Sequence>76</rsm:Sequence>
			</rsm:Position>
			<rsm:Volume>775</rsm:Volume>
		</rsm:Observation>
		<rsm:Observation>
			<rsm:Position>
				<rsm:Sequence>77</rsm:Sequence>
			</rsm:Position>
			<rsm:Volume>776</rsm:Volume>
		</rsm:Observation>
		<rsm:Observation>
			<rsm:Position>
				<rsm:Sequence>78</rsm:Sequence>
			</rsm:Position>
			<rsm:Volume>777</rsm:Volume>
		</rsm:Observation>
		<rsm:Observation>
			<rsm:Position>
				<rsm:Sequence>79</rsm:Sequence>
			</rsm:Position>
			<rsm:Volume>778</rsm:Volume>
		</rsm:Observation>
		<rsm:Observation>
			<rsm:Position>
				<rsm:Sequence>80</rsm:Sequence>
			</rsm:Position>
			<rsm:Volume>779</rsm:Volume>
		</rsm:Observation>
		<rsm:Observation>
			<rsm:Position>
				<rsm:Sequence>81</rsm:Sequence>
			</rsm:Position>
			<rsm:Volume>780</rsm:Volume>
		</rsm:Observation>
		<rsm:Observation>
			<rsm:Position>
				<rsm:Sequence>82</rsm:Sequence>
			</rsm:Position>
			<rsm:Volume>781</rsm:Volume>
		</rsm:Observation>
		<rsm:Observation>
			<rsm:Position>
				<rsm:Sequence>83</rsm:Sequence>
			</rsm:Position>
			<rsm:Volume>782</rsm:Volume>
		</rsm:Observation>
		<rsm:Observation>
			<rsm:Position>
				<rsm:Sequence>84</rsm:Sequence>
			</rsm:Position>
			<rsm:Volume>783</rsm:Volume>
		</rsm:Observation>
		<rsm:Observation>
			<rsm:Position>
				<rsm:Sequence>85</rsm:Sequence>
			</rsm:Position>
			<rsm:Volume>784</rsm:Volume>
		</rsm:Observation>
		<rsm:Observation>
			<rsm:Position>
				<rsm:Sequence>86</rsm:Sequence>
			</rsm:Position>
			<rsm:Volume>785</rsm:Volume>
		</rsm:Observation>
		<rsm:Observation>
			<rsm:Position>
				<rsm:Sequence>87</rsm:Sequence>
			</rsm:Position>
			<rsm:Volume>786</rsm:Volume>
		</rsm:Observation>
		<rsm:Observation>
			<rsm:Position>
				<rsm:Sequence>88</rsm:Sequence>
			</rsm:Position>
			<rsm:Volume>787</rsm:Volume>
		</rsm:Observation>
		<rsm:Observation>
			<rsm:Position>
				<rsm:Sequence>89</rsm:Sequence>
			</rsm:Position>
			<rsm:Volume>788</rsm:Volume>
		</rsm:Observation>
		<rsm:Observation>
			<rsm:Position>
				<rsm:Sequence>90</rsm:Sequence>
			</rsm:Position>
			<rsm:Volume>789</rsm:Volume>
		</rsm:Observation>
		<rsm:Observation>
			<rsm:Position>
				<rsm:Sequence>91</rsm:Sequence>
			</rsm:Position>
			<rsm:Volume>790</rsm:Volume>
		</rsm:Observation>
		<rsm:Observation>
			<rsm:Position>
				<rsm:Sequence>92</rsm:Sequence>
			</rsm:Position>
			<rsm:Volume>791</rsm:Volume>
		</rsm:Observation>
		<rsm:Observation>
			<rsm:Position>
				<rsm:Sequence>93</rsm:Sequence>
			</rsm:Position>
			<rsm:Volume>792</rsm:Volume>
		</rsm:Observation>
		<rsm:Observation>
			<rsm:Position>
				<rsm:Sequence>94</rsm:Sequence>
			</rsm:Position>
			<rsm:Volume>793</rsm:Volume>
		</rsm:Observation>
		<rsm:Observation>
			<rsm:Position>
				<rsm:Sequence>95</rsm:Sequence>
			</rsm:Position>
			<rsm:Volume>794</rsm:Volume>
		</rsm:Observation>
		<rsm:Observation>
			<rsm:Position>
				<rsm:Sequence>96</rsm:Sequence>
			</rsm:Position>
			<rsm:Volume>795</rsm:Volume>
		</rsm:Observation>
	</rsm:MeteringData>
</rsm:AggregatedMeteredData_11>