<?xml version="1.0" encoding="UTF-8"?>
<!--XML-Beispieldatei von XMLSpy generiert v2015 sp2 (x64) (http://www.altova.com)-->
<rsm:QueryInformation_10 xmlns:rsm="http://www.strom.ch" xmlns:eCH-0010="http://www.ech.ch/xmlns/eCH-0010/6" xmlns:eCH-0044="http://www.ech.ch/xmlns/eCH-0044/4" xmlns:eCH-0046="http://www.ech.ch/xmlns/eCH-0046/3" xmlns:xsi="http://www.w3.org/2001/XMLSchema-instance" xsi:schemaLocation="http://www.strom.ch QueryInformation_1p0.xsd">
	<rsm:QueryInformation_HeaderInformation>
		<rsm:HeaderVersion>1.0</rsm:HeaderVersion>
		<rsm:Sender>
			<rsm:ID>
				<rsm:EICID schemeAgencyID="305">12X-PARTY-A-000K</rsm:EICID>
			</rsm:ID>
			<rsm:Role>DDQ</rsm:Role>
		</rsm:Sender>
		<rsm:Receiver>
			<rsm:ID>
				<rsm:EICID schemeAgencyID="305">12X-PARTY-B-0008</rsm:EICID>
			</rsm:ID>
			<rsm:Role>DDZ</rsm:Role>
		</rsm:Receiver>
		<rsm:InstanceDocument>
			<rsm:DictionaryAgencyID>260</rsm:DictionaryAgencyID>
			<rsm:VersionID listAgencyID="260">2007B</rsm:VersionID>
			<rsm:DocumentID>DID_Beispiel_3_5_7_x_QMPIn_20_11a</rsm:DocumentID>
			<rsm:DocumentType>
				<rsm:VSENationalCode>C03</rsm:VSENationalCode>
			</rsm:DocumentType>
			<rsm:Creation>2015-05-06T09:20:47Z</rsm:Creation>
			<rsm:Status>9</rsm:Status>
		</rsm:InstanceDocument>
		<rsm:BusinessScopeProcess>
			<rsm:BusinessReasonType codeListAgency="260">
				<rsm:VSENationalCode>C22</rsm:VSENationalCode>
			</rsm:BusinessReasonType>
			<rsm:BusinessDomainType listAgencyID="260">E01</rsm:BusinessDomainType>
			<rsm:BusinessSectorType>23</rsm:BusinessSectorType>
			<rsm:BusinessService>
				<rsm:ServiceTransaction isIntelligibleCheckRequired="true"/>
			</rsm:BusinessService>
		</rsm:BusinessScopeProcess>
	</rsm:QueryInformation_HeaderInformation>
	<rsm:Instance>
		<rsm:DocumentID>DID_Beispiel_3_5_7_x_QMPIn_20_11b</rsm:DocumentID>
		<rsm:MeteringPoint>
			<rsm:VSENationalID schemeID="VSE" schemeAgencyID="260">CH9999901234500000000000000000001</rsm:VSENationalID>
		</rsm:MeteringPoint>
	</rsm:Instance>
</rsm:QueryInformation_10>
