<?xml version="1.0" encoding="UTF-8"?>
<!-- Mit XMLSpy v2015 sp2 (x64) (http://www.altova.com) von ICS (Swissgrid AG) bearbeitet -->
<!--XML-Beispieldatei von XMLSpy generiert v2015 sp2 (x64) (http://www.altova.com)-->
<rsm:MasterdataMeteringPoint_10 xmlns:rsm="http://www.strom.ch" xmlns:eCH-0010="http://www.ech.ch/xmlns/eCH-0010/6" xmlns:xsi="http://www.w3.org/2001/XMLSchema-instance" xsi:schemaLocation="http://www.strom.ch MasterdataMeteringPoint_1p0.xsd">
	<rsm:MasterdataMeteringPoint_HeaderInformation>
		<rsm:HeaderVersion>1.0</rsm:HeaderVersion>
		<rsm:Sender>
			<rsm:ID>
				<rsm:EICID schemeAgencyID="305">12X-PARTY-B-000E</rsm:EICID>
			</rsm:ID>
			<rsm:Role>DDZ</rsm:Role>
		</rsm:Sender>
		<rsm:Receiver>
			<rsm:ID>
				<rsm:EICID schemeAgencyID="305">12X-PARTY-C-0008</rsm:EICID>
			</rsm:ID>
			<rsm:Role>DDQ</rsm:Role>
		</rsm:Receiver>
		<rsm:InstanceDocument>
			<rsm:DictionaryAgencyID>260</rsm:DictionaryAgencyID>
			<rsm:VersionID listAgencyID="260">2007B</rsm:VersionID>
			<rsm:DocumentID>DID_Beispiel_3_5_3_x_MDMP_30_11a</rsm:DocumentID>
			<rsm:DocumentType>
				<rsm:ebIXCode>E07</rsm:ebIXCode>
			</rsm:DocumentType>
			<rsm:Creation>2015-04-26T09:30:47Z</rsm:Creation>
			<rsm:Status>9</rsm:Status>
		</rsm:InstanceDocument>
		<rsm:BusinessScopeProcess>
			<rsm:BusinessReasonType codeListAgency="260">
				<rsm:VSENationalCode>C19</rsm:VSENationalCode>
			</rsm:BusinessReasonType>
			<rsm:BusinessDomainType listAgencyID="260">E01</rsm:BusinessDomainType>
			<rsm:BusinessSectorType>23</rsm:BusinessSectorType>
			<rsm:BusinessService>
				<rsm:ServiceTransaction isIntelligibleCheckRequired="true"/>
			</rsm:BusinessService>
		</rsm:BusinessScopeProcess>
	</rsm:MasterdataMeteringPoint_HeaderInformation>
	<rsm:Instance>
		<rsm:DocumentID>DID_Beispiel_3_5_1_x_MDMP_30_11b</rsm:DocumentID>
		<rsm:MeteringPoint>
			<rsm:VSENationalID schemeID="VSE" schemeAgencyID="260">CH9999901234500000000000000000001</rsm:VSENationalID>
			<rsm:MeteringPointAddress>
				<rsm:EGID>257114</rsm:EGID>
				<rsm:EWID>172</rsm:EWID>
				<rsm:FloorID>2</rsm:FloorID>
				<rsm:FloorAddOn>Links</rsm:FloorAddOn>
				<rsm:ParcelID>1297</rsm:ParcelID>
				<rsm:Address>
					<eCH-0010:street>Pilgerstrasse</eCH-0010:street>
					<eCH-0010:houseNumber>17</eCH-0010:houseNumber>
					<eCH-0010:town>Dättwil</eCH-0010:town>
					<eCH-0010:swissZipCode>5405</eCH-0010:swissZipCode>
					<eCH-0010:country>
						<eCH-0010:countryIdISO2>CH</eCH-0010:countryIdISO2>
						<eCH-0010:countryNameShort>Schweiz</eCH-0010:countryNameShort>
					</eCH-0010:country>
				</rsm:Address>
			</rsm:MeteringPointAddress>
			<rsm:MeteringPointCharacteristics>
				<rsm:FlowCharacteristic listAgencyID="260">E17</rsm:FlowCharacteristic>
				<rsm:MeteringMethodCharacteristic listAgencyID="260">E13</rsm:MeteringMethodCharacteristic>
				<rsm:SettlementMethodCharacteristic listAgencyID="260">E01</rsm:SettlementMethodCharacteristic>
				<rsm:MeterReadingPeriod>
					<rsm:Resolution>3</rsm:Resolution>
					<rsm:Unit>MON</rsm:Unit>
				</rsm:MeterReadingPeriod>
			</rsm:MeteringPointCharacteristics>
			<rsm:ValidityDatePeriod>
				<rsm:StartDate>2015-05-01</rsm:StartDate>
			</rsm:ValidityDatePeriod>
		</rsm:MeteringPoint>
	</rsm:Instance>
</rsm:MasterdataMeteringPoint_10>
