<?xml version="1.0" encoding="UTF-8"?>
<rsm:ImbalanceData_11 xsi:schemaLocation="http://www.strom.ch ImbalanceData_1p1.xsd" xmlns:rsm="http://www.strom.ch" xmlns:xsi="http://www.w3.org/2001/XMLSchema-instance">
	<rsm:ImbalanceData_HeaderInformation>
		<rsm:HeaderVersion>1.0</rsm:HeaderVersion>
		<rsm:Sender>
			<rsm:ID>
				<rsm:EICID schemeAgencyID="305">12X-PARTY-B-000E</rsm:EICID>
			</rsm:ID>
			<rsm:Role>DDX</rsm:Role>
		</rsm:Sender>
		<rsm:Receiver>
			<rsm:ID>
				<rsm:EICID schemeAgencyID="305">12X-PARTY-L-000S</rsm:EICID>
			</rsm:ID>
			<rsm:Role>DDK</rsm:Role>
		</rsm:Receiver>
		<rsm:InstanceDocument>
			<rsm:DictionaryAgencyID>260</rsm:DictionaryAgencyID>
			<rsm:VersionID listAgencyID="260">2007B</rsm:VersionID>
			<rsm:DocumentID>DID_Beispiel_4_6_x_BGAbrSald_60_11a</rsm:DocumentID>
			<rsm:DocumentType listID="VSE" listAgencyID="260">
				<rsm:VSENationalCode>C01</rsm:VSENationalCode>
			</rsm:DocumentType>
			<rsm:Creation>2008-06-07T10:10:05Z</rsm:Creation>
			<rsm:Status>9</rsm:Status>
		</rsm:InstanceDocument>
		<rsm:BusinessScopeProcess>
			<rsm:BusinessReasonType codeListAgency="260">
				<rsm:ebIXCode>E44</rsm:ebIXCode>
			</rsm:BusinessReasonType>
			<rsm:BusinessDomainType listAgencyID="260">E03</rsm:BusinessDomainType>
			<rsm:BusinessSectorType>23</rsm:BusinessSectorType>
			<rsm:ReportPeriod>
				<rsm:StartDateTime>2008-06-05T22:00:00Z</rsm:StartDateTime>
				<rsm:EndDateTime>2008-06-06T22:00:00Z</rsm:EndDateTime>
			</rsm:ReportPeriod>
			<rsm:BusinessService>
				<rsm:ServiceTransaction isIntelligibleCheckRequired="true"/>
			</rsm:BusinessService>
		</rsm:BusinessScopeProcess>
	</rsm:ImbalanceData_HeaderInformation>
	<rsm:ImbalanceData>
		<rsm:DocumentID>DID_Beispiel_4_6_x_BGAbrSald_60_11b</rsm:DocumentID>
		<rsm:Interval>
			<rsm:StartDateTime>2008-06-05T22:00:00Z</rsm:StartDateTime>
			<rsm:EndDateTime>2008-06-06T22:00:00Z</rsm:EndDateTime>
		</rsm:Interval>
		<rsm:Resolution>
			<rsm:Resolution>15</rsm:Resolution>
			<rsm:Unit>MIN</rsm:Unit>
		</rsm:Resolution>
		<rsm:MarketBalanceArea>
			<rsm:EICID schemeAgencyID="305">12Y-AREA-B-00002</rsm:EICID>
		</rsm:MarketBalanceArea>
		<rsm:Product>
			<rsm:ID schemeAgencyID="9">8716867000030</rsm:ID>
			<rsm:MeasureUnit>KWH</rsm:MeasureUnit>
		</rsm:Product>
		<rsm:BalanceResponsible>
			<rsm:EICID schemeAgencyID="305">12X-PARTY-L-000S</rsm:EICID>
		</rsm:BalanceResponsible>
		<rsm:Observation>
			<rsm:Position>
				<rsm:Sequence>1</rsm:Sequence>
			</rsm:Position>
			<rsm:Volume>100</rsm:Volume>
		</rsm:Observation>
		<rsm:Observation>
			<rsm:Position>
				<rsm:Sequence>2</rsm:Sequence>
			</rsm:Position>
			<rsm:Volume>101</rsm:Volume>
		</rsm:Observation>
		<rsm:Observation>
			<rsm:Position>
				<rsm:Sequence>3</rsm:Sequence>
			</rsm:Position>
			<rsm:Volume>102.102</rsm:Volume>
		</rsm:Observation>
		<rsm:Observation>
			<rsm:Position>
				<rsm:Sequence>4</rsm:Sequence>
			</rsm:Position>
			<rsm:Volume>103</rsm:Volume>
		</rsm:Observation>
		<rsm:Observation>
			<rsm:Position>
				<rsm:Sequence>5</rsm:Sequence>
			</rsm:Position>
			<rsm:Volume>104</rsm:Volume>
		</rsm:Observation>
		<rsm:Observation>
			<rsm:Position>
				<rsm:Sequence>6</rsm:Sequence>
			</rsm:Position>
			<rsm:Volume>105</rsm:Volume>
		</rsm:Observation>
		<rsm:Observation>
			<rsm:Position>
				<rsm:Sequence>7</rsm:Sequence>
			</rsm:Position>
			<rsm:Volume>106</rsm:Volume>
		</rsm:Observation>
		<rsm:Observation>
			<rsm:Position>
				<rsm:Sequence>8</rsm:Sequence>
			</rsm:Position>
			<rsm:Volume>107</rsm:Volume>
		</rsm:Observation>
		<rsm:Observation>
			<rsm:Position>
				<rsm:Sequence>9</rsm:Sequence>
			</rsm:Position>
			<rsm:Volume>108</rsm:Volume>
		</rsm:Observation>
		<rsm:Observation>
			<rsm:Position>
				<rsm:Sequence>10</rsm:Sequence>
			</rsm:Position>
			<rsm:Volume>109</rsm:Volume>
		</rsm:Observation>
		<rsm:Observation>
			<rsm:Position>
				<rsm:Sequence>11</rsm:Sequence>
			</rsm:Position>
			<rsm:Volume>110</rsm:Volume>
		</rsm:Observation>
		<rsm:Observation>
			<rsm:Position>
				<rsm:Sequence>12</rsm:Sequence>
			</rsm:Position>
			<rsm:Volume>111</rsm:Volume>
		</rsm:Observation>
		<rsm:Observation>
			<rsm:Position>
				<rsm:Sequence>13</rsm:Sequence>
			</rsm:Position>
			<rsm:Volume>112</rsm:Volume>
		</rsm:Observation>
		<rsm:Observation>
			<rsm:Position>
				<rsm:Sequence>14</rsm:Sequence>
			</rsm:Position>
			<rsm:Volume>113</rsm:Volume>
		</rsm:Observation>
		<rsm:Observation>
			<rsm:Position>
				<rsm:Sequence>15</rsm:Sequence>
			</rsm:Position>
			<rsm:Volume>114</rsm:Volume>
		</rsm:Observation>
		<rsm:Observation>
			<rsm:Position>
				<rsm:Sequence>16</rsm:Sequence>
			</rsm:Position>
			<rsm:Volume>115</rsm:Volume>
		</rsm:Observation>
		<rsm:Observation>
			<rsm:Position>
				<rsm:Sequence>17</rsm:Sequence>
			</rsm:Position>
			<rsm:Volume>116</rsm:Volume>
		</rsm:Observation>
		<rsm:Observation>
			<rsm:Position>
				<rsm:Sequence>18</rsm:Sequence>
			</rsm:Position>
			<rsm:Volume>117</rsm:Volume>
		</rsm:Observation>
		<rsm:Observation>
			<rsm:Position>
				<rsm:Sequence>19</rsm:Sequence>
			</rsm:Position>
			<rsm:Volume>118</rsm:Volume>
		</rsm:Observation>
		<rsm:Observation>
			<rsm:Position>
				<rsm:Sequence>20</rsm:Sequence>
			</rsm:Position>
			<rsm:Volume>119</rsm:Volume>
		</rsm:Observation>
		<rsm:Observation>
			<rsm:Position>
				<rsm:Sequence>21</rsm:Sequence>
			</rsm:Position>
			<rsm:Volume>120</rsm:Volume>
		</rsm:Observation>
		<rsm:Observation>
			<rsm:Position>
				<rsm:Sequence>22</rsm:Sequence>
			</rsm:Position>
			<rsm:Volume>121</rsm:Volume>
		</rsm:Observation>
		<rsm:Observation>
			<rsm:Position>
				<rsm:Sequence>23</rsm:Sequence>
			</rsm:Position>
			<rsm:Volume>122</rsm:Volume>
		</rsm:Observation>
		<rsm:Observation>
			<rsm:Position>
				<rsm:Sequence>24</rsm:Sequence>
			</rsm:Position>
			<rsm:Volume>123</rsm:Volume>
		</rsm:Observation>
		<rsm:Observation>
			<rsm:Position>
				<rsm:Sequence>25</rsm:Sequence>
			</rsm:Position>
			<rsm:Volume>124</rsm:Volume>
		</rsm:Observation>
		<rsm:Observation>
			<rsm:Position>
				<rsm:Sequence>26</rsm:Sequence>
			</rsm:Position>
			<rsm:Volume>125</rsm:Volume>
		</rsm:Observation>
		<rsm:Observation>
			<rsm:Position>
				<rsm:Sequence>27</rsm:Sequence>
			</rsm:Position>
			<rsm:Volume>126</rsm:Volume>
		</rsm:Observation>
		<rsm:Observation>
			<rsm:Position>
				<rsm:Sequence>28</rsm:Sequence>
			</rsm:Position>
			<rsm:Volume>127</rsm:Volume>
		</rsm:Observation>
		<rsm:Observation>
			<rsm:Position>
				<rsm:Sequence>29</rsm:Sequence>
			</rsm:Position>
			<rsm:Volume>128</rsm:Volume>
		</rsm:Observation>
		<rsm:Observation>
			<rsm:Position>
				<rsm:Sequence>30</rsm:Sequence>
			</rsm:Position>
			<rsm:Volume>129</rsm:Volume>
		</rsm:Observation>
		<rsm:Observation>
			<rsm:Position>
				<rsm:Sequence>31</rsm:Sequence>
			</rsm:Position>
			<rsm:Volume>130</rsm:Volume>
		</rsm:Observation>
		<rsm:Observation>
			<rsm:Position>
				<rsm:Sequence>32</rsm:Sequence>
			</rsm:Position>
			<rsm:Volume>131</rsm:Volume>
		</rsm:Observation>
		<rsm:Observation>
			<rsm:Position>
				<rsm:Sequence>33</rsm:Sequence>
			</rsm:Position>
			<rsm:Volume>132</rsm:Volume>
		</rsm:Observation>
		<rsm:Observation>
			<rsm:Position>
				<rsm:Sequence>34</rsm:Sequence>
			</rsm:Position>
			<rsm:Volume>133</rsm:Volume>
		</rsm:Observation>
		<rsm:Observation>
			<rsm:Position>
				<rsm:Sequence>35</rsm:Sequence>
			</rsm:Position>
			<rsm:Volume>134</rsm:Volume>
		</rsm:Observation>
		<rsm:Observation>
			<rsm:Position>
				<rsm:Sequence>36</rsm:Sequence>
			</rsm:Position>
			<rsm:Volume>135</rsm:Volume>
		</rsm:Observation>
		<rsm:Observation>
			<rsm:Position>
				<rsm:Sequence>37</rsm:Sequence>
			</rsm:Position>
			<rsm:Volume>136</rsm:Volume>
		</rsm:Observation>
		<rsm:Observation>
			<rsm:Position>
				<rsm:Sequence>38</rsm:Sequence>
			</rsm:Position>
			<rsm:Volume>137</rsm:Volume>
		</rsm:Observation>
		<rsm:Observation>
			<rsm:Position>
				<rsm:Sequence>39</rsm:Sequence>
			</rsm:Position>
			<rsm:Volume>138</rsm:Volume>
		</rsm:Observation>
		<rsm:Observation>
			<rsm:Position>
				<rsm:Sequence>40</rsm:Sequence>
			</rsm:Position>
			<rsm:Volume>139</rsm:Volume>
		</rsm:Observation>
		<rsm:Observation>
			<rsm:Position>
				<rsm:Sequence>41</rsm:Sequence>
			</rsm:Position>
			<rsm:Volume>140</rsm:Volume>
		</rsm:Observation>
		<rsm:Observation>
			<rsm:Position>
				<rsm:Sequence>42</rsm:Sequence>
			</rsm:Position>
			<rsm:Volume>141</rsm:Volume>
		</rsm:Observation>
		<rsm:Observation>
			<rsm:Position>
				<rsm:Sequence>43</rsm:Sequence>
			</rsm:Position>
			<rsm:Volume>142</rsm:Volume>
		</rsm:Observation>
		<rsm:Observation>
			<rsm:Position>
				<rsm:Sequence>44</rsm:Sequence>
			</rsm:Position>
			<rsm:Volume>143</rsm:Volume>
		</rsm:Observation>
		<rsm:Observation>
			<rsm:Position>
				<rsm:Sequence>45</rsm:Sequence>
			</rsm:Position>
			<rsm:Volume>144</rsm:Volume>
		</rsm:Observation>
		<rsm:Observation>
			<rsm:Position>
				<rsm:Sequence>46</rsm:Sequence>
			</rsm:Position>
			<rsm:Volume>145</rsm:Volume>
		</rsm:Observation>
		<rsm:Observation>
			<rsm:Position>
				<rsm:Sequence>47</rsm:Sequence>
			</rsm:Position>
			<rsm:Volume>146</rsm:Volume>
		</rsm:Observation>
		<rsm:Observation>
			<rsm:Position>
				<rsm:Sequence>48</rsm:Sequence>
			</rsm:Position>
			<rsm:Volume>147</rsm:Volume>
		</rsm:Observation>
		<rsm:Observation>
			<rsm:Position>
				<rsm:Sequence>49</rsm:Sequence>
			</rsm:Position>
			<rsm:Volume>148</rsm:Volume>
		</rsm:Observation>
		<rsm:Observation>
			<rsm:Position>
				<rsm:Sequence>50</rsm:Sequence>
			</rsm:Position>
			<rsm:Volume>149</rsm:Volume>
		</rsm:Observation>
		<rsm:Observation>
			<rsm:Position>
				<rsm:Sequence>51</rsm:Sequence>
			</rsm:Position>
			<rsm:Volume>150</rsm:Volume>
		</rsm:Observation>
		<rsm:Observation>
			<rsm:Position>
				<rsm:Sequence>52</rsm:Sequence>
			</rsm:Position>
			<rsm:Volume>151</rsm:Volume>
		</rsm:Observation>
		<rsm:Observation>
			<rsm:Position>
				<rsm:Sequence>53</rsm:Sequence>
			</rsm:Position>
			<rsm:Volume>152</rsm:Volume>
		</rsm:Observation>
		<rsm:Observation>
			<rsm:Position>
				<rsm:Sequence>54</rsm:Sequence>
			</rsm:Position>
			<rsm:Volume>153</rsm:Volume>
		</rsm:Observation>
		<rsm:Observation>
			<rsm:Position>
				<rsm:Sequence>55</rsm:Sequence>
			</rsm:Position>
			<rsm:Volume>154</rsm:Volume>
		</rsm:Observation>
		<rsm:Observation>
			<rsm:Position>
				<rsm:Sequence>56</rsm:Sequence>
			</rsm:Position>
			<rsm:Volume>155</rsm:Volume>
		</rsm:Observation>
		<rsm:Observation>
			<rsm:Position>
				<rsm:Sequence>57</rsm:Sequence>
			</rsm:Position>
			<rsm:Volume>156</rsm:Volume>
		</rsm:Observation>
		<rsm:Observation>
			<rsm:Position>
				<rsm:Sequence>58</rsm:Sequence>
			</rsm:Position>
			<rsm:Volume>157</rsm:Volume>
		</rsm:Observation>
		<rsm:Observation>
			<rsm:Position>
				<rsm:Sequence>59</rsm:Sequence>
			</rsm:Position>
			<rsm:Volume>158</rsm:Volume>
		</rsm:Observation>
		<rsm:Observation>
			<rsm:Position>
				<rsm:Sequence>60</rsm:Sequence>
			</rsm:Position>
			<rsm:Volume>159</rsm:Volume>
		</rsm:Observation>
		<rsm:Observation>
			<rsm:Position>
				<rsm:Sequence>61</rsm:Sequence>
			</rsm:Position>
			<rsm:Volume>160</rsm:Volume>
		</rsm:Observation>
		<rsm:Observation>
			<rsm:Position>
				<rsm:Sequence>62</rsm:Sequence>
			</rsm:Position>
			<rsm:Volume>161</rsm:Volume>
		</rsm:Observation>
		<rsm:Observation>
			<rsm:Position>
				<rsm:Sequence>63</rsm:Sequence>
			</rsm:Position>
			<rsm:Volume>162</rsm:Volume>
		</rsm:Observation>
		<rsm:Observation>
			<rsm:Position>
				<rsm:Sequence>64</rsm:Sequence>
			</rsm:Position>
			<rsm:Volume>163</rsm:Volume>
		</rsm:Observation>
		<rsm:Observation>
			<rsm:Position>
				<rsm:Sequence>65</rsm:Sequence>
			</rsm:Position>
			<rsm:Volume>164</rsm:Volume>
		</rsm:Observation>
		<rsm:Observation>
			<rsm:Position>
				<rsm:Sequence>66</rsm:Sequence>
			</rsm:Position>
			<rsm:Volume>165</rsm:Volume>
		</rsm:Observation>
		<rsm:Observation>
			<rsm:Position>
				<rsm:Sequence>67</rsm:Sequence>
			</rsm:Position>
			<rsm:Volume>166</rsm:Volume>
		</rsm:Observation>
		<rsm:Observation>
			<rsm:Position>
				<rsm:Sequence>68</rsm:Sequence>
			</rsm:Position>
			<rsm:Volume>167</rsm:Volume>
		</rsm:Observation>
		<rsm:Observation>
			<rsm:Position>
				<rsm:Sequence>69</rsm:Sequence>
			</rsm:Position>
			<rsm:Volume>168</rsm:Volume>
		</rsm:Observation>
		<rsm:Observation>
			<rsm:Position>
				<rsm:Sequence>70</rsm:Sequence>
			</rsm:Position>
			<rsm:Volume>169</rsm:Volume>
		</rsm:Observation>
		<rsm:Observation>
			<rsm:Position>
				<rsm:Sequence>71</rsm:Sequence>
			</rsm:Position>
			<rsm:Volume>170</rsm:Volume>
		</rsm:Observation>
		<rsm:Observation>
			<rsm:Position>
				<rsm:Sequence>72</rsm:Sequence>
			</rsm:Position>
			<rsm:Volume>171</rsm:Volume>
		</rsm:Observation>
		<rsm:Observation>
			<rsm:Position>
				<rsm:Sequence>73</rsm:Sequence>
			</rsm:Position>
			<rsm:Volume>172</rsm:Volume>
		</rsm:Observation>
		<rsm:Observation>
			<rsm:Position>
				<rsm:Sequence>74</rsm:Sequence>
			</rsm:Position>
			<rsm:Volume>173</rsm:Volume>
		</rsm:Observation>
		<rsm:Observation>
			<rsm:Position>
				<rsm:Sequence>75</rsm:Sequence>
			</rsm:Position>
			<rsm:Volume>174</rsm:Volume>
		</rsm:Observation>
		<rsm:Observation>
			<rsm:Position>
				<rsm:Sequence>76</rsm:Sequence>
			</rsm:Position>
			<rsm:Volume>175</rsm:Volume>
		</rsm:Observation>
		<rsm:Observation>
			<rsm:Position>
				<rsm:Sequence>77</rsm:Sequence>
			</rsm:Position>
			<rsm:Volume>176</rsm:Volume>
		</rsm:Observation>
		<rsm:Observation>
			<rsm:Position>
				<rsm:Sequence>78</rsm:Sequence>
			</rsm:Position>
			<rsm:Volume>177</rsm:Volume>
		</rsm:Observation>
		<rsm:Observation>
			<rsm:Position>
				<rsm:Sequence>79</rsm:Sequence>
			</rsm:Position>
			<rsm:Volume>178</rsm:Volume>
		</rsm:Observation>
		<rsm:Observation>
			<rsm:Position>
				<rsm:Sequence>80</rsm:Sequence>
			</rsm:Position>
			<rsm:Volume>179</rsm:Volume>
		</rsm:Observation>
		<rsm:Observation>
			<rsm:Position>
				<rsm:Sequence>81</rsm:Sequence>
			</rsm:Position>
			<rsm:Volume>180</rsm:Volume>
		</rsm:Observation>
		<rsm:Observation>
			<rsm:Position>
				<rsm:Sequence>82</rsm:Sequence>
			</rsm:Position>
			<rsm:Volume>181</rsm:Volume>
		</rsm:Observation>
		<rsm:Observation>
			<rsm:Position>
				<rsm:Sequence>83</rsm:Sequence>
			</rsm:Position>
			<rsm:Volume>182</rsm:Volume>
		</rsm:Observation>
		<rsm:Observation>
			<rsm:Position>
				<rsm:Sequence>84</rsm:Sequence>
			</rsm:Position>
			<rsm:Volume>183</rsm:Volume>
		</rsm:Observation>
		<rsm:Observation>
			<rsm:Position>
				<rsm:Sequence>85</rsm:Sequence>
			</rsm:Position>
			<rsm:Volume>184</rsm:Volume>
		</rsm:Observation>
		<rsm:Observation>
			<rsm:Position>
				<rsm:Sequence>86</rsm:Sequence>
			</rsm:Position>
			<rsm:Volume>185</rsm:Volume>
		</rsm:Observation>
		<rsm:Observation>
			<rsm:Position>
				<rsm:Sequence>87</rsm:Sequence>
			</rsm:Position>
			<rsm:Volume>186</rsm:Volume>
		</rsm:Observation>
		<rsm:Observation>
			<rsm:Position>
				<rsm:Sequence>88</rsm:Sequence>
			</rsm:Position>
			<rsm:Volume>187</rsm:Volume>
		</rsm:Observation>
		<rsm:Observation>
			<rsm:Position>
				<rsm:Sequence>89</rsm:Sequence>
			</rsm:Position>
			<rsm:Volume>188</rsm:Volume>
		</rsm:Observation>
		<rsm:Observation>
			<rsm:Position>
				<rsm:Sequence>90</rsm:Sequence>
			</rsm:Position>
			<rsm:Volume>189</rsm:Volume>
		</rsm:Observation>
		<rsm:Observation>
			<rsm:Position>
				<rsm:Sequence>91</rsm:Sequence>
			</rsm:Position>
			<rsm:Volume>190</rsm:Volume>
		</rsm:Observation>
		<rsm:Observation>
			<rsm:Position>
				<rsm:Sequence>92</rsm:Sequence>
			</rsm:Position>
			<rsm:Volume>191</rsm:Volume>
		</rsm:Observation>
		<rsm:Observation>
			<rsm:Position>
				<rsm:Sequence>93</rsm:Sequence>
			</rsm:Position>
			<rsm:Volume>192</rsm:Volume>
		</rsm:Observation>
		<rsm:Observation>
			<rsm:Position>
				<rsm:Sequence>94</rsm:Sequence>
			</rsm:Position>
			<rsm:Volume>193</rsm:Volume>
		</rsm:Observation>
		<rsm:Observation>
			<rsm:Position>
				<rsm:Sequence>95</rsm:Sequence>
			</rsm:Position>
			<rsm:Volume>194</rsm:Volume>
		</rsm:Observation>
		<rsm:Observation>
			<rsm:Position>
				<rsm:Sequence>96</rsm:Sequence>
			</rsm:Position>
			<rsm:Volume>195</rsm:Volume>
		</rsm:Observation>
	</rsm:ImbalanceData>
</rsm:ImbalanceData_11>