<?xml version="1.0" encoding="UTF-8"?>
<!-- Mit XMLSpy v2017 sp2 (x64) (http://www.altova.com) von ICS (swissgrid ag) bearbeitet -->
<rsm:ValidatedMeteredData_14 xsi:schemaLocation="http://www.strom.ch ValidatedMeteredData_1p4.xsd" xmlns:rsm="http://www.strom.ch" xmlns:xsi="http://www.w3.org/2001/XMLSchema-instance">
	<rsm:ValidatedMeteredData_HeaderInformation>
		<rsm:HeaderVersion>1.0</rsm:HeaderVersion>
		<rsm:Sender>
			<rsm:ID>
				<rsm:EICID schemeAgencyID="305">12X-PARTY-A-000K</rsm:EICID>
			</rsm:ID>
			<rsm:Role>ASP</rsm:Role>
		</rsm:Sender>
		<rsm:Receiver>
			<rsm:ID>
				<rsm:EICID schemeAgencyID="305">12X-PARTY-B-000E</rsm:EICID>
			</rsm:ID>
			<rsm:Role>PQ</rsm:Role>
		</rsm:Receiver>
		<rsm:InstanceDocument>
			<rsm:DictionaryAgencyID>260</rsm:DictionaryAgencyID>
			<rsm:VersionID listAgencyID="260">2007B</rsm:VersionID>
			<rsm:DocumentID>DID_Beispiel_4_3_3_MessDLast_10_11a</rsm:DocumentID>
			<rsm:DocumentType listAgencyID="260">
				<rsm:ebIXCode>E66</rsm:ebIXCode>
			</rsm:DocumentType>
			<rsm:Creation>2008-06-05T15:40:05Z</rsm:Creation>
			<rsm:Status>9</rsm:Status>
		</rsm:InstanceDocument>
		<rsm:BusinessScopeProcess>
			<rsm:BusinessReasonType codeListAgency="260">
				<rsm:ebIXCode>E88</rsm:ebIXCode>
			</rsm:BusinessReasonType>
			<rsm:BusinessDomainType listAgencyID="260">E02</rsm:BusinessDomainType>
			<rsm:BusinessSectorType>23</rsm:BusinessSectorType>
			<rsm:ReportPeriod>
				<rsm:StartDateTime>2008-06-02T22:00:00Z</rsm:StartDateTime>
				<rsm:EndDateTime>2008-06-03T22:00:00Z</rsm:EndDateTime>
			</rsm:ReportPeriod>
			<rsm:BusinessService>
				<rsm:ServiceTransaction isIntelligibleCheckRequired="true"/>
			</rsm:BusinessService>
		</rsm:BusinessScopeProcess>
	</rsm:ValidatedMeteredData_HeaderInformation>
	<rsm:MeteringData>
		<rsm:DocumentID>DID_Beispiel_4_3_3_MessDLast_10_11b</rsm:DocumentID>
		<rsm:Interval>
			<rsm:StartDateTime>2008-06-02T22:00:00Z</rsm:StartDateTime>
			<rsm:EndDateTime>2008-06-03T22:00:00Z</rsm:EndDateTime>
		</rsm:Interval>
		<rsm:Resolution>
			<rsm:Resolution>15</rsm:Resolution>
			<rsm:Unit>MIN</rsm:Unit>
		</rsm:Resolution>
		<rsm:ConsumptionMeteringPoint>
			<rsm:VSENationalID schemeID="VSE" schemeAgencyID="260">CH9999901234500000000000000000001</rsm:VSENationalID>
		</rsm:ConsumptionMeteringPoint>
		<rsm:Product>
			<rsm:ID schemeAgencyID="9">8716867000030</rsm:ID>
			<rsm:MeasureUnit>KWH</rsm:MeasureUnit>
		</rsm:Product>
		<rsm:Observation>
			<rsm:Position>
				<rsm:Sequence>1</rsm:Sequence>
			</rsm:Position>
			<rsm:Volume>100</rsm:Volume>
			<rsm:Condition>21</rsm:Condition>
		</rsm:Observation>
		<rsm:Observation>
			<rsm:Position>
				<rsm:Sequence>2</rsm:Sequence>
			</rsm:Position>
			<rsm:Volume>101</rsm:Volume>
			<rsm:Condition>56</rsm:Condition>
		</rsm:Observation>
		<rsm:Observation>
			<rsm:Position>
				<rsm:Sequence>3</rsm:Sequence>
			</rsm:Position>
			<rsm:Volume>102.102</rsm:Volume>
		</rsm:Observation>
		<rsm:Observation>
			<rsm:Position>
				<rsm:Sequence>4</rsm:Sequence>
			</rsm:Position>
			<rsm:Volume>103</rsm:Volume>
		</rsm:Observation>
		<rsm:Observation>
			<rsm:Position>
				<rsm:Sequence>5</rsm:Sequence>
			</rsm:Position>
			<rsm:Volume>104</rsm:Volume>
		</rsm:Observation>
		<rsm:Observation>
			<rsm:Position>
				<rsm:Sequence>6</rsm:Sequence>
			</rsm:Position>
			<rsm:Volume>105</rsm:Volume>
		</rsm:Observation>
		<rsm:Observation>
			<rsm:Position>
				<rsm:Sequence>7</rsm:Sequence>
			</rsm:Position>
			<rsm:Volume>106</rsm:Volume>
		</rsm:Observation>
		<rsm:Observation>
			<rsm:Position>
				<rsm:Sequence>8</rsm:Sequence>
			</rsm:Position>
			<rsm:Volume>107</rsm:Volume>
		</rsm:Observation>
		<rsm:Observation>
			<rsm:Position>
				<rsm:Sequence>9</rsm:Sequence>
			</rsm:Position>
			<rsm:Volume>108</rsm:Volume>
		</rsm:Observation>
		<rsm:Observation>
			<rsm:Position>
				<rsm:Sequence>10</rsm:Sequence>
			</rsm:Position>
			<rsm:Volume>109</rsm:Volume>
		</rsm:Observation>
		<rsm:Observation>
			<rsm:Position>
				<rsm:Sequence>11</rsm:Sequence>
			</rsm:Position>
			<rsm:Volume>110</rsm:Volume>
		</rsm:Observation>
		<rsm:Observation>
			<rsm:Position>
				<rsm:Sequence>12</rsm:Sequence>
			</rsm:Position>
			<rsm:Volume>111</rsm:Volume>
		</rsm:Observation>
		<rsm:Observation>
			<rsm:Position>
				<rsm:Sequence>13</rsm:Sequence>
			</rsm:Position>
			<rsm:Volume>112</rsm:Volume>
		</rsm:Observation>
		<rsm:Observation>
			<rsm:Position>
				<rsm:Sequence>14</rsm:Sequence>
			</rsm:Position>
			<rsm:Volume>113</rsm:Volume>
		</rsm:Observation>
		<rsm:Observation>
			<rsm:Position>
				<rsm:Sequence>15</rsm:Sequence>
			</rsm:Position>
			<rsm:Volume>114</rsm:Volume>
		</rsm:Observation>
		<rsm:Observation>
			<rsm:Position>
				<rsm:Sequence>16</rsm:Sequence>
			</rsm:Position>
			<rsm:Volume>115</rsm:Volume>
		</rsm:Observation>
		<rsm:Observation>
			<rsm:Position>
				<rsm:Sequence>17</rsm:Sequence>
			</rsm:Position>
			<rsm:Volume>116</rsm:Volume>
		</rsm:Observation>
		<rsm:Observation>
			<rsm:Position>
				<rsm:Sequence>18</rsm:Sequence>
			</rsm:Position>
			<rsm:Volume>117</rsm:Volume>
		</rsm:Observation>
		<rsm:Observation>
			<rsm:Position>
				<rsm:Sequence>19</rsm:Sequence>
			</rsm:Position>
			<rsm:Volume>118</rsm:Volume>
		</rsm:Observation>
		<rsm:Observation>
			<rsm:Position>
				<rsm:Sequence>20</rsm:Sequence>
			</rsm:Position>
			<rsm:Volume>119</rsm:Volume>
		</rsm:Observation>
		<rsm:Observation>
			<rsm:Position>
				<rsm:Sequence>21</rsm:Sequence>
			</rsm:Position>
			<rsm:Volume>120</rsm:Volume>
		</rsm:Observation>
		<rsm:Observation>
			<rsm:Position>
				<rsm:Sequence>22</rsm:Sequence>
			</rsm:Position>
			<rsm:Volume>121</rsm:Volume>
		</rsm:Observation>
		<rsm:Observation>
			<rsm:Position>
				<rsm:Sequence>23</rsm:Sequence>
			</rsm:Position>
			<rsm:Volume>122</rsm:Volume>
		</rsm:Observation>
		<rsm:Observation>
			<rsm:Position>
				<rsm:Sequence>24</rsm:Sequence>
			</rsm:Position>
			<rsm:Volume>123</rsm:Volume>
		</rsm:Observation>
		<rsm:Observation>
			<rsm:Position>
				<rsm:Sequence>25</rsm:Sequence>
			</rsm:Position>
			<rsm:Volume>124</rsm:Volume>
		</rsm:Observation>
		<rsm:Observation>
			<rsm:Position>
				<rsm:Sequence>26</rsm:Sequence>
			</rsm:Position>
			<rsm:Volume>125</rsm:Volume>
		</rsm:Observation>
		<rsm:Observation>
			<rsm:Position>
				<rsm:Sequence>27</rsm:Sequence>
			</rsm:Position>
			<rsm:Volume>126</rsm:Volume>
		</rsm:Observation>
		<rsm:Observation>
			<rsm:Position>
				<rsm:Sequence>28</rsm:Sequence>
			</rsm:Position>
			<rsm:Volume>127</rsm:Volume>
		</rsm:Observation>
		<rsm:Observation>
			<rsm:Position>
				<rsm:Sequence>29</rsm:Sequence>
			</rsm:Position>
			<rsm:Volume>128</rsm:Volume>
		</rsm:Observation>
		<rsm:Observation>
			<rsm:Position>
				<rsm:Sequence>30</rsm:Sequence>
			</rsm:Position>
			<rsm:Volume>129</rsm:Volume>
		</rsm:Observation>
		<rsm:Observation>
			<rsm:Position>
				<rsm:Sequence>31</rsm:Sequence>
			</rsm:Position>
			<rsm:Volume>130</rsm:Volume>
		</rsm:Observation>
		<rsm:Observation>
			<rsm:Position>
				<rsm:Sequence>32</rsm:Sequence>
			</rsm:Position>
			<rsm:Volume>131</rsm:Volume>
		</rsm:Observation>
		<rsm:Observation>
			<rsm:Position>
				<rsm:Sequence>33</rsm:Sequence>
			</rsm:Position>
			<rsm:Volume>132</rsm:Volume>
		</rsm:Observation>
		<rsm:Observation>
			<rsm:Position>
				<rsm:Sequence>34</rsm:Sequence>
			</rsm:Position>
			<rsm:Volume>133</rsm:Volume>
		</rsm:Observation>
		<rsm:Observation>
			<rsm:Position>
				<rsm:Sequence>35</rsm:Sequence>
			</rsm:Position>
			<rsm:Volume>134</rsm:Volume>
		</rsm:Observation>
		<rsm:Observation>
			<rsm:Position>
				<rsm:Sequence>36</rsm:Sequence>
			</rsm:Position>
			<rsm:Volume>135</rsm:Volume>
		</rsm:Observation>
		<rsm:Observation>
			<rsm:Position>
				<rsm:Sequence>37</rsm:Sequence>
			</rsm:Position>
			<rsm:Volume>136</rsm:Volume>
		</rsm:Observation>
		<rsm:Observation>
			<rsm:Position>
				<rsm:Sequence>38</rsm:Sequence>
			</rsm:Position>
			<rsm:Volume>137</rsm:Volume>
		</rsm:Observation>
		<rsm:Observation>
			<rsm:Position>
				<rsm:Sequence>39</rsm:Sequence>
			</rsm:Position>
			<rsm:Volume>138</rsm:Volume>
		</rsm:Observation>
		<rsm:Observation>
			<rsm:Position>
				<rsm:Sequence>40</rsm:Sequence>
			</rsm:Position>
			<rsm:Volume>139</rsm:Volume>
		</rsm:Observation>
		<rsm:Observation>
			<rsm:Position>
				<rsm:Sequence>41</rsm:Sequence>
			</rsm:Position>
			<rsm:Volume>140</rsm:Volume>
		</rsm:Observation>
		<rsm:Observation>
			<rsm:Position>
				<rsm:Sequence>42</rsm:Sequence>
			</rsm:Position>
			<rsm:Volume>141</rsm:Volume>
		</rsm:Observation>
		<rsm:Observation>
			<rsm:Position>
				<rsm:Sequence>43</rsm:Sequence>
			</rsm:Position>
			<rsm:Volume>142</rsm:Volume>
		</rsm:Observation>
		<rsm:Observation>
			<rsm:Position>
				<rsm:Sequence>44</rsm:Sequence>
			</rsm:Position>
			<rsm:Volume>143</rsm:Volume>
		</rsm:Observation>
		<rsm:Observation>
			<rsm:Position>
				<rsm:Sequence>45</rsm:Sequence>
			</rsm:Position>
			<rsm:Volume>144</rsm:Volume>
		</rsm:Observation>
		<rsm:Observation>
			<rsm:Position>
				<rsm:Sequence>46</rsm:Sequence>
			</rsm:Position>
			<rsm:Volume>145</rsm:Volume>
		</rsm:Observation>
		<rsm:Observation>
			<rsm:Position>
				<rsm:Sequence>47</rsm:Sequence>
			</rsm:Position>
			<rsm:Volume>146</rsm:Volume>
		</rsm:Observation>
		<rsm:Observation>
			<rsm:Position>
				<rsm:Sequence>48</rsm:Sequence>
			</rsm:Position>
			<rsm:Volume>147</rsm:Volume>
		</rsm:Observation>
		<rsm:Observation>
			<rsm:Position>
				<rsm:Sequence>49</rsm:Sequence>
			</rsm:Position>
			<rsm:Volume>148</rsm:Volume>
		</rsm:Observation>
		<rsm:Observation>
			<rsm:Position>
				<rsm:Sequence>50</rsm:Sequence>
			</rsm:Position>
			<rsm:Volume>149</rsm:Volume>
		</rsm:Observation>
		<rsm:Observation>
			<rsm:Position>
				<rsm:Sequence>51</rsm:Sequence>
			</rsm:Position>
			<rsm:Volume>150</rsm:Volume>
		</rsm:Observation>
		<rsm:Observation>
			<rsm:Position>
				<rsm:Sequence>52</rsm:Sequence>
			</rsm:Position>
			<rsm:Volume>151</rsm:Volume>
		</rsm:Observation>
		<rsm:Observation>
			<rsm:Position>
				<rsm:Sequence>53</rsm:Sequence>
			</rsm:Position>
			<rsm:Volume>152</rsm:Volume>
		</rsm:Observation>
		<rsm:Observation>
			<rsm:Position>
				<rsm:Sequence>54</rsm:Sequence>
			</rsm:Position>
			<rsm:Volume>153</rsm:Volume>
		</rsm:Observation>
		<rsm:Observation>
			<rsm:Position>
				<rsm:Sequence>55</rsm:Sequence>
			</rsm:Position>
			<rsm:Volume>154</rsm:Volume>
		</rsm:Observation>
		<rsm:Observation>
			<rsm:Position>
				<rsm:Sequence>56</rsm:Sequence>
			</rsm:Position>
			<rsm:Volume>155</rsm:Volume>
		</rsm:Observation>
		<rsm:Observation>
			<rsm:Position>
				<rsm:Sequence>57</rsm:Sequence>
			</rsm:Position>
			<rsm:Volume>156</rsm:Volume>
		</rsm:Observation>
		<rsm:Observation>
			<rsm:Position>
				<rsm:Sequence>58</rsm:Sequence>
			</rsm:Position>
			<rsm:Volume>157</rsm:Volume>
		</rsm:Observation>
		<rsm:Observation>
			<rsm:Position>
				<rsm:Sequence>59</rsm:Sequence>
			</rsm:Position>
			<rsm:Volume>158</rsm:Volume>
		</rsm:Observation>
		<rsm:Observation>
			<rsm:Position>
				<rsm:Sequence>60</rsm:Sequence>
			</rsm:Position>
			<rsm:Volume>159</rsm:Volume>
		</rsm:Observation>
		<rsm:Observation>
			<rsm:Position>
				<rsm:Sequence>61</rsm:Sequence>
			</rsm:Position>
			<rsm:Volume>160</rsm:Volume>
		</rsm:Observation>
		<rsm:Observation>
			<rsm:Position>
				<rsm:Sequence>62</rsm:Sequence>
			</rsm:Position>
			<rsm:Volume>161</rsm:Volume>
		</rsm:Observation>
		<rsm:Observation>
			<rsm:Position>
				<rsm:Sequence>63</rsm:Sequence>
			</rsm:Position>
			<rsm:Volume>162</rsm:Volume>
		</rsm:Observation>
		<rsm:Observation>
			<rsm:Position>
				<rsm:Sequence>64</rsm:Sequence>
			</rsm:Position>
			<rsm:Volume>163</rsm:Volume>
		</rsm:Observation>
		<rsm:Observation>
			<rsm:Position>
				<rsm:Sequence>65</rsm:Sequence>
			</rsm:Position>
			<rsm:Volume>164</rsm:Volume>
		</rsm:Observation>
		<rsm:Observation>
			<rsm:Position>
				<rsm:Sequence>66</rsm:Sequence>
			</rsm:Position>
			<rsm:Volume>165</rsm:Volume>
		</rsm:Observation>
		<rsm:Observation>
			<rsm:Position>
				<rsm:Sequence>67</rsm:Sequence>
			</rsm:Position>
			<rsm:Volume>166</rsm:Volume>
		</rsm:Observation>
		<rsm:Observation>
			<rsm:Position>
				<rsm:Sequence>68</rsm:Sequence>
			</rsm:Position>
			<rsm:Volume>167</rsm:Volume>
		</rsm:Observation>
		<rsm:Observation>
			<rsm:Position>
				<rsm:Sequence>69</rsm:Sequence>
			</rsm:Position>
			<rsm:Volume>168</rsm:Volume>
		</rsm:Observation>
		<rsm:Observation>
			<rsm:Position>
				<rsm:Sequence>70</rsm:Sequence>
			</rsm:Position>
			<rsm:Volume>169</rsm:Volume>
		</rsm:Observation>
		<rsm:Observation>
			<rsm:Position>
				<rsm:Sequence>71</rsm:Sequence>
			</rsm:Position>
			<rsm:Volume>170</rsm:Volume>
		</rsm:Observation>
		<rsm:Observation>
			<rsm:Position>
				<rsm:Sequence>72</rsm:Sequence>
			</rsm:Position>
			<rsm:Volume>171</rsm:Volume>
		</rsm:Observation>
		<rsm:Observation>
			<rsm:Position>
				<rsm:Sequence>73</rsm:Sequence>
			</rsm:Position>
			<rsm:Volume>172</rsm:Volume>
		</rsm:Observation>
		<rsm:Observation>
			<rsm:Position>
				<rsm:Sequence>74</rsm:Sequence>
			</rsm:Position>
			<rsm:Volume>173</rsm:Volume>
		</rsm:Observation>
		<rsm:Observation>
			<rsm:Position>
				<rsm:Sequence>75</rsm:Sequence>
			</rsm:Position>
			<rsm:Volume>174</rsm:Volume>
		</rsm:Observation>
		<rsm:Observation>
			<rsm:Position>
				<rsm:Sequence>76</rsm:Sequence>
			</rsm:Position>
			<rsm:Volume>175</rsm:Volume>
		</rsm:Observation>
		<rsm:Observation>
			<rsm:Position>
				<rsm:Sequence>77</rsm:Sequence>
			</rsm:Position>
			<rsm:Volume>176</rsm:Volume>
		</rsm:Observation>
		<rsm:Observation>
			<rsm:Position>
				<rsm:Sequence>78</rsm:Sequence>
			</rsm:Position>
			<rsm:Volume>177</rsm:Volume>
		</rsm:Observation>
		<rsm:Observation>
			<rsm:Position>
				<rsm:Sequence>79</rsm:Sequence>
			</rsm:Position>
			<rsm:Volume>178</rsm:Volume>
		</rsm:Observation>
		<rsm:Observation>
			<rsm:Position>
				<rsm:Sequence>80</rsm:Sequence>
			</rsm:Position>
			<rsm:Volume>179</rsm:Volume>
		</rsm:Observation>
		<rsm:Observation>
			<rsm:Position>
				<rsm:Sequence>81</rsm:Sequence>
			</rsm:Position>
			<rsm:Volume>180</rsm:Volume>
		</rsm:Observation>
		<rsm:Observation>
			<rsm:Position>
				<rsm:Sequence>82</rsm:Sequence>
			</rsm:Position>
			<rsm:Volume>181</rsm:Volume>
		</rsm:Observation>
		<rsm:Observation>
			<rsm:Position>
				<rsm:Sequence>83</rsm:Sequence>
			</rsm:Position>
			<rsm:Volume>182</rsm:Volume>
		</rsm:Observation>
		<rsm:Observation>
			<rsm:Position>
				<rsm:Sequence>84</rsm:Sequence>
			</rsm:Position>
			<rsm:Volume>183</rsm:Volume>
		</rsm:Observation>
		<rsm:Observation>
			<rsm:Position>
				<rsm:Sequence>85</rsm:Sequence>
			</rsm:Position>
			<rsm:Volume>184</rsm:Volume>
		</rsm:Observation>
		<rsm:Observation>
			<rsm:Position>
				<rsm:Sequence>86</rsm:Sequence>
			</rsm:Position>
			<rsm:Volume>185</rsm:Volume>
		</rsm:Observation>
		<rsm:Observation>
			<rsm:Position>
				<rsm:Sequence>87</rsm:Sequence>
			</rsm:Position>
			<rsm:Volume>186</rsm:Volume>
		</rsm:Observation>
		<rsm:Observation>
			<rsm:Position>
				<rsm:Sequence>88</rsm:Sequence>
			</rsm:Position>
			<rsm:Volume>187</rsm:Volume>
		</rsm:Observation>
		<rsm:Observation>
			<rsm:Position>
				<rsm:Sequence>89</rsm:Sequence>
			</rsm:Position>
			<rsm:Volume>188</rsm:Volume>
		</rsm:Observation>
		<rsm:Observation>
			<rsm:Position>
				<rsm:Sequence>90</rsm:Sequence>
			</rsm:Position>
			<rsm:Volume>189</rsm:Volume>
		</rsm:Observation>
		<rsm:Observation>
			<rsm:Position>
				<rsm:Sequence>91</rsm:Sequence>
			</rsm:Position>
			<rsm:Volume>190</rsm:Volume>
		</rsm:Observation>
		<rsm:Observation>
			<rsm:Position>
				<rsm:Sequence>92</rsm:Sequence>
			</rsm:Position>
			<rsm:Volume>191</rsm:Volume>
		</rsm:Observation>
		<rsm:Observation>
			<rsm:Position>
				<rsm:Sequence>93</rsm:Sequence>
			</rsm:Position>
			<rsm:Volume>192</rsm:Volume>
		</rsm:Observation>
		<rsm:Observation>
			<rsm:Position>
				<rsm:Sequence>94</rsm:Sequence>
			</rsm:Position>
			<rsm:Volume>193</rsm:Volume>
		</rsm:Observation>
		<rsm:Observation>
			<rsm:Position>
				<rsm:Sequence>95</rsm:Sequence>
			</rsm:Position>
			<rsm:Volume>194</rsm:Volume>
		</rsm:Observation>
		<rsm:Observation>
			<rsm:Position>
				<rsm:Sequence>96</rsm:Sequence>
			</rsm:Position>
			<rsm:Volume>195</rsm:Volume>
		</rsm:Observation>
	</rsm:MeteringData>
	<rsm:MeteringData>
		<rsm:DocumentID>DID_Beispiel_4_3_3_MessDLast_10_11c</rsm:DocumentID>
		<rsm:Interval>
			<rsm:StartDateTime>2008-06-02T22:00:00Z</rsm:StartDateTime>
			<rsm:EndDateTime>2008-06-03T22:00:00Z</rsm:EndDateTime>
		</rsm:Interval>
		<rsm:Resolution>
			<rsm:Resolution>15</rsm:Resolution>
			<rsm:Unit>MIN</rsm:Unit>
		</rsm:Resolution>
		<rsm:ConsumptionMeteringPoint>
			<rsm:VSENationalID schemeID="VSE" schemeAgencyID="260">CH9999901234500000000000000000001</rsm:VSENationalID>
		</rsm:ConsumptionMeteringPoint>
		<rsm:Product>
			<rsm:ID schemeAgencyID="9">8716867000047</rsm:ID>
			<rsm:MeasureUnit>K3</rsm:MeasureUnit>
		</rsm:Product>
		<rsm:Observation>
			<rsm:Position>
				<rsm:Sequence>1</rsm:Sequence>
			</rsm:Position>
			<rsm:Volume>200</rsm:Volume>
			<rsm:Condition>21</rsm:Condition>
		</rsm:Observation>
		<rsm:Observation>
			<rsm:Position>
				<rsm:Sequence>2</rsm:Sequence>
			</rsm:Position>
			<rsm:Volume>201</rsm:Volume>
			<rsm:Condition>56</rsm:Condition>
		</rsm:Observation>
		<rsm:Observation>
			<rsm:Position>
				<rsm:Sequence>3</rsm:Sequence>
			</rsm:Position>
			<rsm:Volume>202.202</rsm:Volume>
		</rsm:Observation>
		<rsm:Observation>
			<rsm:Position>
				<rsm:Sequence>4</rsm:Sequence>
			</rsm:Position>
			<rsm:Volume>203</rsm:Volume>
		</rsm:Observation>
		<rsm:Observation>
			<rsm:Position>
				<rsm:Sequence>5</rsm:Sequence>
			</rsm:Position>
			<rsm:Volume>204</rsm:Volume>
		</rsm:Observation>
		<rsm:Observation>
			<rsm:Position>
				<rsm:Sequence>6</rsm:Sequence>
			</rsm:Position>
			<rsm:Volume>205</rsm:Volume>
		</rsm:Observation>
		<rsm:Observation>
			<rsm:Position>
				<rsm:Sequence>7</rsm:Sequence>
			</rsm:Position>
			<rsm:Volume>206</rsm:Volume>
		</rsm:Observation>
		<rsm:Observation>
			<rsm:Position>
				<rsm:Sequence>8</rsm:Sequence>
			</rsm:Position>
			<rsm:Volume>207</rsm:Volume>
		</rsm:Observation>
		<rsm:Observation>
			<rsm:Position>
				<rsm:Sequence>9</rsm:Sequence>
			</rsm:Position>
			<rsm:Volume>208</rsm:Volume>
		</rsm:Observation>
		<rsm:Observation>
			<rsm:Position>
				<rsm:Sequence>10</rsm:Sequence>
			</rsm:Position>
			<rsm:Volume>209</rsm:Volume>
		</rsm:Observation>
		<rsm:Observation>
			<rsm:Position>
				<rsm:Sequence>11</rsm:Sequence>
			</rsm:Position>
			<rsm:Volume>210</rsm:Volume>
		</rsm:Observation>
		<rsm:Observation>
			<rsm:Position>
				<rsm:Sequence>12</rsm:Sequence>
			</rsm:Position>
			<rsm:Volume>211</rsm:Volume>
		</rsm:Observation>
		<rsm:Observation>
			<rsm:Position>
				<rsm:Sequence>13</rsm:Sequence>
			</rsm:Position>
			<rsm:Volume>212</rsm:Volume>
		</rsm:Observation>
		<rsm:Observation>
			<rsm:Position>
				<rsm:Sequence>14</rsm:Sequence>
			</rsm:Position>
			<rsm:Volume>213</rsm:Volume>
		</rsm:Observation>
		<rsm:Observation>
			<rsm:Position>
				<rsm:Sequence>15</rsm:Sequence>
			</rsm:Position>
			<rsm:Volume>214</rsm:Volume>
		</rsm:Observation>
		<rsm:Observation>
			<rsm:Position>
				<rsm:Sequence>16</rsm:Sequence>
			</rsm:Position>
			<rsm:Volume>215</rsm:Volume>
		</rsm:Observation>
		<rsm:Observation>
			<rsm:Position>
				<rsm:Sequence>17</rsm:Sequence>
			</rsm:Position>
			<rsm:Volume>216</rsm:Volume>
		</rsm:Observation>
		<rsm:Observation>
			<rsm:Position>
				<rsm:Sequence>18</rsm:Sequence>
			</rsm:Position>
			<rsm:Volume>217</rsm:Volume>
		</rsm:Observation>
		<rsm:Observation>
			<rsm:Position>
				<rsm:Sequence>19</rsm:Sequence>
			</rsm:Position>
			<rsm:Volume>218</rsm:Volume>
		</rsm:Observation>
		<rsm:Observation>
			<rsm:Position>
				<rsm:Sequence>20</rsm:Sequence>
			</rsm:Position>
			<rsm:Volume>219</rsm:Volume>
		</rsm:Observation>
		<rsm:Observation>
			<rsm:Position>
				<rsm:Sequence>21</rsm:Sequence>
			</rsm:Position>
			<rsm:Volume>220</rsm:Volume>
		</rsm:Observation>
		<rsm:Observation>
			<rsm:Position>
				<rsm:Sequence>22</rsm:Sequence>
			</rsm:Position>
			<rsm:Volume>221</rsm:Volume>
		</rsm:Observation>
		<rsm:Observation>
			<rsm:Position>
				<rsm:Sequence>23</rsm:Sequence>
			</rsm:Position>
			<rsm:Volume>222</rsm:Volume>
		</rsm:Observation>
		<rsm:Observation>
			<rsm:Position>
				<rsm:Sequence>24</rsm:Sequence>
			</rsm:Position>
			<rsm:Volume>223</rsm:Volume>
		</rsm:Observation>
		<rsm:Observation>
			<rsm:Position>
				<rsm:Sequence>25</rsm:Sequence>
			</rsm:Position>
			<rsm:Volume>224</rsm:Volume>
		</rsm:Observation>
		<rsm:Observation>
			<rsm:Position>
				<rsm:Sequence>26</rsm:Sequence>
			</rsm:Position>
			<rsm:Volume>225</rsm:Volume>
		</rsm:Observation>
		<rsm:Observation>
			<rsm:Position>
				<rsm:Sequence>27</rsm:Sequence>
			</rsm:Position>
			<rsm:Volume>226</rsm:Volume>
		</rsm:Observation>
		<rsm:Observation>
			<rsm:Position>
				<rsm:Sequence>28</rsm:Sequence>
			</rsm:Position>
			<rsm:Volume>227</rsm:Volume>
		</rsm:Observation>
		<rsm:Observation>
			<rsm:Position>
				<rsm:Sequence>29</rsm:Sequence>
			</rsm:Position>
			<rsm:Volume>228</rsm:Volume>
		</rsm:Observation>
		<rsm:Observation>
			<rsm:Position>
				<rsm:Sequence>30</rsm:Sequence>
			</rsm:Position>
			<rsm:Volume>229</rsm:Volume>
		</rsm:Observation>
		<rsm:Observation>
			<rsm:Position>
				<rsm:Sequence>31</rsm:Sequence>
			</rsm:Position>
			<rsm:Volume>230</rsm:Volume>
		</rsm:Observation>
		<rsm:Observation>
			<rsm:Position>
				<rsm:Sequence>32</rsm:Sequence>
			</rsm:Position>
			<rsm:Volume>231</rsm:Volume>
		</rsm:Observation>
		<rsm:Observation>
			<rsm:Position>
				<rsm:Sequence>33</rsm:Sequence>
			</rsm:Position>
			<rsm:Volume>232</rsm:Volume>
		</rsm:Observation>
		<rsm:Observation>
			<rsm:Position>
				<rsm:Sequence>34</rsm:Sequence>
			</rsm:Position>
			<rsm:Volume>233</rsm:Volume>
		</rsm:Observation>
		<rsm:Observation>
			<rsm:Position>
				<rsm:Sequence>35</rsm:Sequence>
			</rsm:Position>
			<rsm:Volume>234</rsm:Volume>
		</rsm:Observation>
		<rsm:Observation>
			<rsm:Position>
				<rsm:Sequence>36</rsm:Sequence>
			</rsm:Position>
			<rsm:Volume>235</rsm:Volume>
		</rsm:Observation>
		<rsm:Observation>
			<rsm:Position>
				<rsm:Sequence>37</rsm:Sequence>
			</rsm:Position>
			<rsm:Volume>236</rsm:Volume>
		</rsm:Observation>
		<rsm:Observation>
			<rsm:Position>
				<rsm:Sequence>38</rsm:Sequence>
			</rsm:Position>
			<rsm:Volume>237</rsm:Volume>
		</rsm:Observation>
		<rsm:Observation>
			<rsm:Position>
				<rsm:Sequence>39</rsm:Sequence>
			</rsm:Position>
			<rsm:Volume>238</rsm:Volume>
		</rsm:Observation>
		<rsm:Observation>
			<rsm:Position>
				<rsm:Sequence>40</rsm:Sequence>
			</rsm:Position>
			<rsm:Volume>239</rsm:Volume>
		</rsm:Observation>
		<rsm:Observation>
			<rsm:Position>
				<rsm:Sequence>41</rsm:Sequence>
			</rsm:Position>
			<rsm:Volume>240</rsm:Volume>
		</rsm:Observation>
		<rsm:Observation>
			<rsm:Position>
				<rsm:Sequence>42</rsm:Sequence>
			</rsm:Position>
			<rsm:Volume>241</rsm:Volume>
		</rsm:Observation>
		<rsm:Observation>
			<rsm:Position>
				<rsm:Sequence>43</rsm:Sequence>
			</rsm:Position>
			<rsm:Volume>242</rsm:Volume>
		</rsm:Observation>
		<rsm:Observation>
			<rsm:Position>
				<rsm:Sequence>44</rsm:Sequence>
			</rsm:Position>
			<rsm:Volume>243</rsm:Volume>
		</rsm:Observation>
		<rsm:Observation>
			<rsm:Position>
				<rsm:Sequence>45</rsm:Sequence>
			</rsm:Position>
			<rsm:Volume>244</rsm:Volume>
		</rsm:Observation>
		<rsm:Observation>
			<rsm:Position>
				<rsm:Sequence>46</rsm:Sequence>
			</rsm:Position>
			<rsm:Volume>245</rsm:Volume>
		</rsm:Observation>
		<rsm:Observation>
			<rsm:Position>
				<rsm:Sequence>47</rsm:Sequence>
			</rsm:Position>
			<rsm:Volume>246</rsm:Volume>
		</rsm:Observation>
		<rsm:Observation>
			<rsm:Position>
				<rsm:Sequence>48</rsm:Sequence>
			</rsm:Position>
			<rsm:Volume>247</rsm:Volume>
		</rsm:Observation>
		<rsm:Observation>
			<rsm:Position>
				<rsm:Sequence>49</rsm:Sequence>
			</rsm:Position>
			<rsm:Volume>248</rsm:Volume>
		</rsm:Observation>
		<rsm:Observation>
			<rsm:Position>
				<rsm:Sequence>50</rsm:Sequence>
			</rsm:Position>
			<rsm:Volume>249</rsm:Volume>
		</rsm:Observation>
		<rsm:Observation>
			<rsm:Position>
				<rsm:Sequence>51</rsm:Sequence>
			</rsm:Position>
			<rsm:Volume>250</rsm:Volume>
		</rsm:Observation>
		<rsm:Observation>
			<rsm:Position>
				<rsm:Sequence>52</rsm:Sequence>
			</rsm:Position>
			<rsm:Volume>251</rsm:Volume>
		</rsm:Observation>
		<rsm:Observation>
			<rsm:Position>
				<rsm:Sequence>53</rsm:Sequence>
			</rsm:Position>
			<rsm:Volume>252</rsm:Volume>
		</rsm:Observation>
		<rsm:Observation>
			<rsm:Position>
				<rsm:Sequence>54</rsm:Sequence>
			</rsm:Position>
			<rsm:Volume>253</rsm:Volume>
		</rsm:Observation>
		<rsm:Observation>
			<rsm:Position>
				<rsm:Sequence>55</rsm:Sequence>
			</rsm:Position>
			<rsm:Volume>254</rsm:Volume>
		</rsm:Observation>
		<rsm:Observation>
			<rsm:Position>
				<rsm:Sequence>56</rsm:Sequence>
			</rsm:Position>
			<rsm:Volume>255</rsm:Volume>
		</rsm:Observation>
		<rsm:Observation>
			<rsm:Position>
				<rsm:Sequence>57</rsm:Sequence>
			</rsm:Position>
			<rsm:Volume>256</rsm:Volume>
		</rsm:Observation>
		<rsm:Observation>
			<rsm:Position>
				<rsm:Sequence>58</rsm:Sequence>
			</rsm:Position>
			<rsm:Volume>257</rsm:Volume>
		</rsm:Observation>
		<rsm:Observation>
			<rsm:Position>
				<rsm:Sequence>59</rsm:Sequence>
			</rsm:Position>
			<rsm:Volume>258</rsm:Volume>
		</rsm:Observation>
		<rsm:Observation>
			<rsm:Position>
				<rsm:Sequence>60</rsm:Sequence>
			</rsm:Position>
			<rsm:Volume>259</rsm:Volume>
		</rsm:Observation>
		<rsm:Observation>
			<rsm:Position>
				<rsm:Sequence>61</rsm:Sequence>
			</rsm:Position>
			<rsm:Volume>260</rsm:Volume>
		</rsm:Observation>
		<rsm:Observation>
			<rsm:Position>
				<rsm:Sequence>62</rsm:Sequence>
			</rsm:Position>
			<rsm:Volume>261</rsm:Volume>
		</rsm:Observation>
		<rsm:Observation>
			<rsm:Position>
				<rsm:Sequence>63</rsm:Sequence>
			</rsm:Position>
			<rsm:Volume>262</rsm:Volume>
		</rsm:Observation>
		<rsm:Observation>
			<rsm:Position>
				<rsm:Sequence>64</rsm:Sequence>
			</rsm:Position>
			<rsm:Volume>263</rsm:Volume>
		</rsm:Observation>
		<rsm:Observation>
			<rsm:Position>
				<rsm:Sequence>65</rsm:Sequence>
			</rsm:Position>
			<rsm:Volume>264</rsm:Volume>
		</rsm:Observation>
		<rsm:Observation>
			<rsm:Position>
				<rsm:Sequence>66</rsm:Sequence>
			</rsm:Position>
			<rsm:Volume>265</rsm:Volume>
		</rsm:Observation>
		<rsm:Observation>
			<rsm:Position>
				<rsm:Sequence>67</rsm:Sequence>
			</rsm:Position>
			<rsm:Volume>266</rsm:Volume>
		</rsm:Observation>
		<rsm:Observation>
			<rsm:Position>
				<rsm:Sequence>68</rsm:Sequence>
			</rsm:Position>
			<rsm:Volume>267</rsm:Volume>
		</rsm:Observation>
		<rsm:Observation>
			<rsm:Position>
				<rsm:Sequence>69</rsm:Sequence>
			</rsm:Position>
			<rsm:Volume>268</rsm:Volume>
		</rsm:Observation>
		<rsm:Observation>
			<rsm:Position>
				<rsm:Sequence>70</rsm:Sequence>
			</rsm:Position>
			<rsm:Volume>269</rsm:Volume>
		</rsm:Observation>
		<rsm:Observation>
			<rsm:Position>
				<rsm:Sequence>71</rsm:Sequence>
			</rsm:Position>
			<rsm:Volume>270</rsm:Volume>
		</rsm:Observation>
		<rsm:Observation>
			<rsm:Position>
				<rsm:Sequence>72</rsm:Sequence>
			</rsm:Position>
			<rsm:Volume>271</rsm:Volume>
		</rsm:Observation>
		<rsm:Observation>
			<rsm:Position>
				<rsm:Sequence>73</rsm:Sequence>
			</rsm:Position>
			<rsm:Volume>272</rsm:Volume>
		</rsm:Observation>
		<rsm:Observation>
			<rsm:Position>
				<rsm:Sequence>74</rsm:Sequence>
			</rsm:Position>
			<rsm:Volume>273</rsm:Volume>
		</rsm:Observation>
		<rsm:Observation>
			<rsm:Position>
				<rsm:Sequence>75</rsm:Sequence>
			</rsm:Position>
			<rsm:Volume>274</rsm:Volume>
		</rsm:Observation>
		<rsm:Observation>
			<rsm:Position>
				<rsm:Sequence>76</rsm:Sequence>
			</rsm:Position>
			<rsm:Volume>275</rsm:Volume>
		</rsm:Observation>
		<rsm:Observation>
			<rsm:Position>
				<rsm:Sequence>77</rsm:Sequence>
			</rsm:Position>
			<rsm:Volume>276</rsm:Volume>
		</rsm:Observation>
		<rsm:Observation>
			<rsm:Position>
				<rsm:Sequence>78</rsm:Sequence>
			</rsm:Position>
			<rsm:Volume>277</rsm:Volume>
		</rsm:Observation>
		<rsm:Observation>
			<rsm:Position>
				<rsm:Sequence>79</rsm:Sequence>
			</rsm:Position>
			<rsm:Volume>278</rsm:Volume>
		</rsm:Observation>
		<rsm:Observation>
			<rsm:Position>
				<rsm:Sequence>80</rsm:Sequence>
			</rsm:Position>
			<rsm:Volume>279</rsm:Volume>
		</rsm:Observation>
		<rsm:Observation>
			<rsm:Position>
				<rsm:Sequence>81</rsm:Sequence>
			</rsm:Position>
			<rsm:Volume>280</rsm:Volume>
		</rsm:Observation>
		<rsm:Observation>
			<rsm:Position>
				<rsm:Sequence>82</rsm:Sequence>
			</rsm:Position>
			<rsm:Volume>281</rsm:Volume>
		</rsm:Observation>
		<rsm:Observation>
			<rsm:Position>
				<rsm:Sequence>83</rsm:Sequence>
			</rsm:Position>
			<rsm:Volume>282</rsm:Volume>
		</rsm:Observation>
		<rsm:Observation>
			<rsm:Position>
				<rsm:Sequence>84</rsm:Sequence>
			</rsm:Position>
			<rsm:Volume>283</rsm:Volume>
		</rsm:Observation>
		<rsm:Observation>
			<rsm:Position>
				<rsm:Sequence>85</rsm:Sequence>
			</rsm:Position>
			<rsm:Volume>284</rsm:Volume>
		</rsm:Observation>
		<rsm:Observation>
			<rsm:Position>
				<rsm:Sequence>86</rsm:Sequence>
			</rsm:Position>
			<rsm:Volume>285</rsm:Volume>
		</rsm:Observation>
		<rsm:Observation>
			<rsm:Position>
				<rsm:Sequence>87</rsm:Sequence>
			</rsm:Position>
			<rsm:Volume>286</rsm:Volume>
		</rsm:Observation>
		<rsm:Observation>
			<rsm:Position>
				<rsm:Sequence>88</rsm:Sequence>
			</rsm:Position>
			<rsm:Volume>287</rsm:Volume>
		</rsm:Observation>
		<rsm:Observation>
			<rsm:Position>
				<rsm:Sequence>89</rsm:Sequence>
			</rsm:Position>
			<rsm:Volume>288</rsm:Volume>
		</rsm:Observation>
		<rsm:Observation>
			<rsm:Position>
				<rsm:Sequence>90</rsm:Sequence>
			</rsm:Position>
			<rsm:Volume>289</rsm:Volume>
		</rsm:Observation>
		<rsm:Observation>
			<rsm:Position>
				<rsm:Sequence>91</rsm:Sequence>
			</rsm:Position>
			<rsm:Volume>290</rsm:Volume>
		</rsm:Observation>
		<rsm:Observation>
			<rsm:Position>
				<rsm:Sequence>92</rsm:Sequence>
			</rsm:Position>
			<rsm:Volume>291</rsm:Volume>
		</rsm:Observation>
		<rsm:Observation>
			<rsm:Position>
				<rsm:Sequence>93</rsm:Sequence>
			</rsm:Position>
			<rsm:Volume>292</rsm:Volume>
		</rsm:Observation>
		<rsm:Observation>
			<rsm:Position>
				<rsm:Sequence>94</rsm:Sequence>
			</rsm:Position>
			<rsm:Volume>293</rsm:Volume>
		</rsm:Observation>
		<rsm:Observation>
			<rsm:Position>
				<rsm:Sequence>95</rsm:Sequence>
			</rsm:Position>
			<rsm:Volume>294</rsm:Volume>
		</rsm:Observation>
		<rsm:Observation>
			<rsm:Position>
				<rsm:Sequence>96</rsm:Sequence>
			</rsm:Position>
			<rsm:Volume>295</rsm:Volume>
		</rsm:Observation>
	</rsm:MeteringData>
	<rsm:MeteringData>
		<rsm:DocumentID>DID_Beispiel_4_3_3_MessDLast_10_11d</rsm:DocumentID>
		<rsm:Interval>
			<rsm:StartDateTime>2008-06-02T22:00:00Z</rsm:StartDateTime>
			<rsm:EndDateTime>2008-06-03T22:00:00Z</rsm:EndDateTime>
		</rsm:Interval>
		<rsm:Resolution>
			<rsm:Resolution>15</rsm:Resolution>
			<rsm:Unit>MIN</rsm:Unit>
		</rsm:Resolution>
		<rsm:ProductionMeteringPoint>
			<rsm:VSENationalID schemeID="VSE" schemeAgencyID="260">CH9999901234500000000000000000002</rsm:VSENationalID>
		</rsm:ProductionMeteringPoint>
		<rsm:Product>
			<rsm:ID schemeAgencyID="9">8716867000030</rsm:ID>
			<rsm:MeasureUnit>KWH</rsm:MeasureUnit>
		</rsm:Product>
		<rsm:Observation>
			<rsm:Position>
				<rsm:Sequence>1</rsm:Sequence>
			</rsm:Position>
			<rsm:Volume>300</rsm:Volume>
			<rsm:Condition>21</rsm:Condition>
		</rsm:Observation>
		<rsm:Observation>
			<rsm:Position>
				<rsm:Sequence>2</rsm:Sequence>
			</rsm:Position>
			<rsm:Volume>301</rsm:Volume>
			<rsm:Condition>56</rsm:Condition>
		</rsm:Observation>
		<rsm:Observation>
			<rsm:Position>
				<rsm:Sequence>3</rsm:Sequence>
			</rsm:Position>
			<rsm:Volume>302.302</rsm:Volume>
		</rsm:Observation>
		<rsm:Observation>
			<rsm:Position>
				<rsm:Sequence>4</rsm:Sequence>
			</rsm:Position>
			<rsm:Volume>303</rsm:Volume>
		</rsm:Observation>
		<rsm:Observation>
			<rsm:Position>
				<rsm:Sequence>5</rsm:Sequence>
			</rsm:Position>
			<rsm:Volume>304</rsm:Volume>
		</rsm:Observation>
		<rsm:Observation>
			<rsm:Position>
				<rsm:Sequence>6</rsm:Sequence>
			</rsm:Position>
			<rsm:Volume>305</rsm:Volume>
		</rsm:Observation>
		<rsm:Observation>
			<rsm:Position>
				<rsm:Sequence>7</rsm:Sequence>
			</rsm:Position>
			<rsm:Volume>306</rsm:Volume>
		</rsm:Observation>
		<rsm:Observation>
			<rsm:Position>
				<rsm:Sequence>8</rsm:Sequence>
			</rsm:Position>
			<rsm:Volume>307</rsm:Volume>
		</rsm:Observation>
		<rsm:Observation>
			<rsm:Position>
				<rsm:Sequence>9</rsm:Sequence>
			</rsm:Position>
			<rsm:Volume>308</rsm:Volume>
		</rsm:Observation>
		<rsm:Observation>
			<rsm:Position>
				<rsm:Sequence>10</rsm:Sequence>
			</rsm:Position>
			<rsm:Volume>309</rsm:Volume>
		</rsm:Observation>
		<rsm:Observation>
			<rsm:Position>
				<rsm:Sequence>11</rsm:Sequence>
			</rsm:Position>
			<rsm:Volume>310</rsm:Volume>
		</rsm:Observation>
		<rsm:Observation>
			<rsm:Position>
				<rsm:Sequence>12</rsm:Sequence>
			</rsm:Position>
			<rsm:Volume>311</rsm:Volume>
		</rsm:Observation>
		<rsm:Observation>
			<rsm:Position>
				<rsm:Sequence>13</rsm:Sequence>
			</rsm:Position>
			<rsm:Volume>312</rsm:Volume>
		</rsm:Observation>
		<rsm:Observation>
			<rsm:Position>
				<rsm:Sequence>14</rsm:Sequence>
			</rsm:Position>
			<rsm:Volume>313</rsm:Volume>
		</rsm:Observation>
		<rsm:Observation>
			<rsm:Position>
				<rsm:Sequence>15</rsm:Sequence>
			</rsm:Position>
			<rsm:Volume>314</rsm:Volume>
		</rsm:Observation>
		<rsm:Observation>
			<rsm:Position>
				<rsm:Sequence>16</rsm:Sequence>
			</rsm:Position>
			<rsm:Volume>315</rsm:Volume>
		</rsm:Observation>
		<rsm:Observation>
			<rsm:Position>
				<rsm:Sequence>17</rsm:Sequence>
			</rsm:Position>
			<rsm:Volume>316</rsm:Volume>
		</rsm:Observation>
		<rsm:Observation>
			<rsm:Position>
				<rsm:Sequence>18</rsm:Sequence>
			</rsm:Position>
			<rsm:Volume>317</rsm:Volume>
		</rsm:Observation>
		<rsm:Observation>
			<rsm:Position>
				<rsm:Sequence>19</rsm:Sequence>
			</rsm:Position>
			<rsm:Volume>318</rsm:Volume>
		</rsm:Observation>
		<rsm:Observation>
			<rsm:Position>
				<rsm:Sequence>20</rsm:Sequence>
			</rsm:Position>
			<rsm:Volume>319</rsm:Volume>
		</rsm:Observation>
		<rsm:Observation>
			<rsm:Position>
				<rsm:Sequence>21</rsm:Sequence>
			</rsm:Position>
			<rsm:Volume>320</rsm:Volume>
		</rsm:Observation>
		<rsm:Observation>
			<rsm:Position>
				<rsm:Sequence>22</rsm:Sequence>
			</rsm:Position>
			<rsm:Volume>321</rsm:Volume>
		</rsm:Observation>
		<rsm:Observation>
			<rsm:Position>
				<rsm:Sequence>23</rsm:Sequence>
			</rsm:Position>
			<rsm:Volume>322</rsm:Volume>
		</rsm:Observation>
		<rsm:Observation>
			<rsm:Position>
				<rsm:Sequence>24</rsm:Sequence>
			</rsm:Position>
			<rsm:Volume>323</rsm:Volume>
		</rsm:Observation>
		<rsm:Observation>
			<rsm:Position>
				<rsm:Sequence>25</rsm:Sequence>
			</rsm:Position>
			<rsm:Volume>324</rsm:Volume>
		</rsm:Observation>
		<rsm:Observation>
			<rsm:Position>
				<rsm:Sequence>26</rsm:Sequence>
			</rsm:Position>
			<rsm:Volume>325</rsm:Volume>
		</rsm:Observation>
		<rsm:Observation>
			<rsm:Position>
				<rsm:Sequence>27</rsm:Sequence>
			</rsm:Position>
			<rsm:Volume>326</rsm:Volume>
		</rsm:Observation>
		<rsm:Observation>
			<rsm:Position>
				<rsm:Sequence>28</rsm:Sequence>
			</rsm:Position>
			<rsm:Volume>327</rsm:Volume>
		</rsm:Observation>
		<rsm:Observation>
			<rsm:Position>
				<rsm:Sequence>29</rsm:Sequence>
			</rsm:Position>
			<rsm:Volume>328</rsm:Volume>
		</rsm:Observation>
		<rsm:Observation>
			<rsm:Position>
				<rsm:Sequence>30</rsm:Sequence>
			</rsm:Position>
			<rsm:Volume>329</rsm:Volume>
		</rsm:Observation>
		<rsm:Observation>
			<rsm:Position>
				<rsm:Sequence>31</rsm:Sequence>
			</rsm:Position>
			<rsm:Volume>330</rsm:Volume>
		</rsm:Observation>
		<rsm:Observation>
			<rsm:Position>
				<rsm:Sequence>32</rsm:Sequence>
			</rsm:Position>
			<rsm:Volume>331</rsm:Volume>
		</rsm:Observation>
		<rsm:Observation>
			<rsm:Position>
				<rsm:Sequence>33</rsm:Sequence>
			</rsm:Position>
			<rsm:Volume>332</rsm:Volume>
		</rsm:Observation>
		<rsm:Observation>
			<rsm:Position>
				<rsm:Sequence>34</rsm:Sequence>
			</rsm:Position>
			<rsm:Volume>333</rsm:Volume>
		</rsm:Observation>
		<rsm:Observation>
			<rsm:Position>
				<rsm:Sequence>35</rsm:Sequence>
			</rsm:Position>
			<rsm:Volume>334</rsm:Volume>
		</rsm:Observation>
		<rsm:Observation>
			<rsm:Position>
				<rsm:Sequence>36</rsm:Sequence>
			</rsm:Position>
			<rsm:Volume>335</rsm:Volume>
		</rsm:Observation>
		<rsm:Observation>
			<rsm:Position>
				<rsm:Sequence>37</rsm:Sequence>
			</rsm:Position>
			<rsm:Volume>336</rsm:Volume>
		</rsm:Observation>
		<rsm:Observation>
			<rsm:Position>
				<rsm:Sequence>38</rsm:Sequence>
			</rsm:Position>
			<rsm:Volume>337</rsm:Volume>
		</rsm:Observation>
		<rsm:Observation>
			<rsm:Position>
				<rsm:Sequence>39</rsm:Sequence>
			</rsm:Position>
			<rsm:Volume>338</rsm:Volume>
		</rsm:Observation>
		<rsm:Observation>
			<rsm:Position>
				<rsm:Sequence>40</rsm:Sequence>
			</rsm:Position>
			<rsm:Volume>339</rsm:Volume>
		</rsm:Observation>
		<rsm:Observation>
			<rsm:Position>
				<rsm:Sequence>41</rsm:Sequence>
			</rsm:Position>
			<rsm:Volume>340</rsm:Volume>
		</rsm:Observation>
		<rsm:Observation>
			<rsm:Position>
				<rsm:Sequence>42</rsm:Sequence>
			</rsm:Position>
			<rsm:Volume>341</rsm:Volume>
		</rsm:Observation>
		<rsm:Observation>
			<rsm:Position>
				<rsm:Sequence>43</rsm:Sequence>
			</rsm:Position>
			<rsm:Volume>342</rsm:Volume>
		</rsm:Observation>
		<rsm:Observation>
			<rsm:Position>
				<rsm:Sequence>44</rsm:Sequence>
			</rsm:Position>
			<rsm:Volume>343</rsm:Volume>
		</rsm:Observation>
		<rsm:Observation>
			<rsm:Position>
				<rsm:Sequence>45</rsm:Sequence>
			</rsm:Position>
			<rsm:Volume>344</rsm:Volume>
		</rsm:Observation>
		<rsm:Observation>
			<rsm:Position>
				<rsm:Sequence>46</rsm:Sequence>
			</rsm:Position>
			<rsm:Volume>345</rsm:Volume>
		</rsm:Observation>
		<rsm:Observation>
			<rsm:Position>
				<rsm:Sequence>47</rsm:Sequence>
			</rsm:Position>
			<rsm:Volume>346</rsm:Volume>
		</rsm:Observation>
		<rsm:Observation>
			<rsm:Position>
				<rsm:Sequence>48</rsm:Sequence>
			</rsm:Position>
			<rsm:Volume>347</rsm:Volume>
		</rsm:Observation>
		<rsm:Observation>
			<rsm:Position>
				<rsm:Sequence>49</rsm:Sequence>
			</rsm:Position>
			<rsm:Volume>348</rsm:Volume>
		</rsm:Observation>
		<rsm:Observation>
			<rsm:Position>
				<rsm:Sequence>50</rsm:Sequence>
			</rsm:Position>
			<rsm:Volume>349</rsm:Volume>
		</rsm:Observation>
		<rsm:Observation>
			<rsm:Position>
				<rsm:Sequence>51</rsm:Sequence>
			</rsm:Position>
			<rsm:Volume>350</rsm:Volume>
		</rsm:Observation>
		<rsm:Observation>
			<rsm:Position>
				<rsm:Sequence>52</rsm:Sequence>
			</rsm:Position>
			<rsm:Volume>351</rsm:Volume>
		</rsm:Observation>
		<rsm:Observation>
			<rsm:Position>
				<rsm:Sequence>53</rsm:Sequence>
			</rsm:Position>
			<rsm:Volume>352</rsm:Volume>
		</rsm:Observation>
		<rsm:Observation>
			<rsm:Position>
				<rsm:Sequence>54</rsm:Sequence>
			</rsm:Position>
			<rsm:Volume>353</rsm:Volume>
		</rsm:Observation>
		<rsm:Observation>
			<rsm:Position>
				<rsm:Sequence>55</rsm:Sequence>
			</rsm:Position>
			<rsm:Volume>354</rsm:Volume>
		</rsm:Observation>
		<rsm:Observation>
			<rsm:Position>
				<rsm:Sequence>56</rsm:Sequence>
			</rsm:Position>
			<rsm:Volume>355</rsm:Volume>
		</rsm:Observation>
		<rsm:Observation>
			<rsm:Position>
				<rsm:Sequence>57</rsm:Sequence>
			</rsm:Position>
			<rsm:Volume>356</rsm:Volume>
		</rsm:Observation>
		<rsm:Observation>
			<rsm:Position>
				<rsm:Sequence>58</rsm:Sequence>
			</rsm:Position>
			<rsm:Volume>357</rsm:Volume>
		</rsm:Observation>
		<rsm:Observation>
			<rsm:Position>
				<rsm:Sequence>59</rsm:Sequence>
			</rsm:Position>
			<rsm:Volume>358</rsm:Volume>
		</rsm:Observation>
		<rsm:Observation>
			<rsm:Position>
				<rsm:Sequence>60</rsm:Sequence>
			</rsm:Position>
			<rsm:Volume>359</rsm:Volume>
		</rsm:Observation>
		<rsm:Observation>
			<rsm:Position>
				<rsm:Sequence>61</rsm:Sequence>
			</rsm:Position>
			<rsm:Volume>360</rsm:Volume>
		</rsm:Observation>
		<rsm:Observation>
			<rsm:Position>
				<rsm:Sequence>62</rsm:Sequence>
			</rsm:Position>
			<rsm:Volume>361</rsm:Volume>
		</rsm:Observation>
		<rsm:Observation>
			<rsm:Position>
				<rsm:Sequence>63</rsm:Sequence>
			</rsm:Position>
			<rsm:Volume>362</rsm:Volume>
		</rsm:Observation>
		<rsm:Observation>
			<rsm:Position>
				<rsm:Sequence>64</rsm:Sequence>
			</rsm:Position>
			<rsm:Volume>363</rsm:Volume>
		</rsm:Observation>
		<rsm:Observation>
			<rsm:Position>
				<rsm:Sequence>65</rsm:Sequence>
			</rsm:Position>
			<rsm:Volume>364</rsm:Volume>
		</rsm:Observation>
		<rsm:Observation>
			<rsm:Position>
				<rsm:Sequence>66</rsm:Sequence>
			</rsm:Position>
			<rsm:Volume>365</rsm:Volume>
		</rsm:Observation>
		<rsm:Observation>
			<rsm:Position>
				<rsm:Sequence>67</rsm:Sequence>
			</rsm:Position>
			<rsm:Volume>366</rsm:Volume>
		</rsm:Observation>
		<rsm:Observation>
			<rsm:Position>
				<rsm:Sequence>68</rsm:Sequence>
			</rsm:Position>
			<rsm:Volume>367</rsm:Volume>
		</rsm:Observation>
		<rsm:Observation>
			<rsm:Position>
				<rsm:Sequence>69</rsm:Sequence>
			</rsm:Position>
			<rsm:Volume>368</rsm:Volume>
		</rsm:Observation>
		<rsm:Observation>
			<rsm:Position>
				<rsm:Sequence>70</rsm:Sequence>
			</rsm:Position>
			<rsm:Volume>369</rsm:Volume>
		</rsm:Observation>
		<rsm:Observation>
			<rsm:Position>
				<rsm:Sequence>71</rsm:Sequence>
			</rsm:Position>
			<rsm:Volume>370</rsm:Volume>
		</rsm:Observation>
		<rsm:Observation>
			<rsm:Position>
				<rsm:Sequence>72</rsm:Sequence>
			</rsm:Position>
			<rsm:Volume>371</rsm:Volume>
		</rsm:Observation>
		<rsm:Observation>
			<rsm:Position>
				<rsm:Sequence>73</rsm:Sequence>
			</rsm:Position>
			<rsm:Volume>372</rsm:Volume>
		</rsm:Observation>
		<rsm:Observation>
			<rsm:Position>
				<rsm:Sequence>74</rsm:Sequence>
			</rsm:Position>
			<rsm:Volume>373</rsm:Volume>
		</rsm:Observation>
		<rsm:Observation>
			<rsm:Position>
				<rsm:Sequence>75</rsm:Sequence>
			</rsm:Position>
			<rsm:Volume>374</rsm:Volume>
		</rsm:Observation>
		<rsm:Observation>
			<rsm:Position>
				<rsm:Sequence>76</rsm:Sequence>
			</rsm:Position>
			<rsm:Volume>375</rsm:Volume>
		</rsm:Observation>
		<rsm:Observation>
			<rsm:Position>
				<rsm:Sequence>77</rsm:Sequence>
			</rsm:Position>
			<rsm:Volume>376</rsm:Volume>
		</rsm:Observation>
		<rsm:Observation>
			<rsm:Position>
				<rsm:Sequence>78</rsm:Sequence>
			</rsm:Position>
			<rsm:Volume>377</rsm:Volume>
		</rsm:Observation>
		<rsm:Observation>
			<rsm:Position>
				<rsm:Sequence>79</rsm:Sequence>
			</rsm:Position>
			<rsm:Volume>378</rsm:Volume>
		</rsm:Observation>
		<rsm:Observation>
			<rsm:Position>
				<rsm:Sequence>80</rsm:Sequence>
			</rsm:Position>
			<rsm:Volume>379</rsm:Volume>
		</rsm:Observation>
		<rsm:Observation>
			<rsm:Position>
				<rsm:Sequence>81</rsm:Sequence>
			</rsm:Position>
			<rsm:Volume>380</rsm:Volume>
		</rsm:Observation>
		<rsm:Observation>
			<rsm:Position>
				<rsm:Sequence>82</rsm:Sequence>
			</rsm:Position>
			<rsm:Volume>381</rsm:Volume>
		</rsm:Observation>
		<rsm:Observation>
			<rsm:Position>
				<rsm:Sequence>83</rsm:Sequence>
			</rsm:Position>
			<rsm:Volume>382</rsm:Volume>
		</rsm:Observation>
		<rsm:Observation>
			<rsm:Position>
				<rsm:Sequence>84</rsm:Sequence>
			</rsm:Position>
			<rsm:Volume>383</rsm:Volume>
		</rsm:Observation>
		<rsm:Observation>
			<rsm:Position>
				<rsm:Sequence>85</rsm:Sequence>
			</rsm:Position>
			<rsm:Volume>384</rsm:Volume>
		</rsm:Observation>
		<rsm:Observation>
			<rsm:Position>
				<rsm:Sequence>86</rsm:Sequence>
			</rsm:Position>
			<rsm:Volume>385</rsm:Volume>
		</rsm:Observation>
		<rsm:Observation>
			<rsm:Position>
				<rsm:Sequence>87</rsm:Sequence>
			</rsm:Position>
			<rsm:Volume>386</rsm:Volume>
		</rsm:Observation>
		<rsm:Observation>
			<rsm:Position>
				<rsm:Sequence>88</rsm:Sequence>
			</rsm:Position>
			<rsm:Volume>387</rsm:Volume>
		</rsm:Observation>
		<rsm:Observation>
			<rsm:Position>
				<rsm:Sequence>89</rsm:Sequence>
			</rsm:Position>
			<rsm:Volume>388</rsm:Volume>
		</rsm:Observation>
		<rsm:Observation>
			<rsm:Position>
				<rsm:Sequence>90</rsm:Sequence>
			</rsm:Position>
			<rsm:Volume>389</rsm:Volume>
		</rsm:Observation>
		<rsm:Observation>
			<rsm:Position>
				<rsm:Sequence>91</rsm:Sequence>
			</rsm:Position>
			<rsm:Volume>390</rsm:Volume>
		</rsm:Observation>
		<rsm:Observation>
			<rsm:Position>
				<rsm:Sequence>92</rsm:Sequence>
			</rsm:Position>
			<rsm:Volume>391</rsm:Volume>
		</rsm:Observation>
		<rsm:Observation>
			<rsm:Position>
				<rsm:Sequence>93</rsm:Sequence>
			</rsm:Position>
			<rsm:Volume>392</rsm:Volume>
		</rsm:Observation>
		<rsm:Observation>
			<rsm:Position>
				<rsm:Sequence>94</rsm:Sequence>
			</rsm:Position>
			<rsm:Volume>393</rsm:Volume>
		</rsm:Observation>
		<rsm:Observation>
			<rsm:Position>
				<rsm:Sequence>95</rsm:Sequence>
			</rsm:Position>
			<rsm:Volume>394</rsm:Volume>
		</rsm:Observation>
		<rsm:Observation>
			<rsm:Position>
				<rsm:Sequence>96</rsm:Sequence>
			</rsm:Position>
			<rsm:Volume>395</rsm:Volume>
		</rsm:Observation>
	</rsm:MeteringData>
	<rsm:MeteringData>
		<rsm:DocumentID>DID_Beispiel_4_3_3_MessDLast_10_11e</rsm:DocumentID>
		<rsm:Interval>
			<rsm:StartDateTime>2008-06-02T22:00:00Z</rsm:StartDateTime>
			<rsm:EndDateTime>2008-06-03T22:00:00Z</rsm:EndDateTime>
		</rsm:Interval>
		<rsm:Resolution>
			<rsm:Resolution>15</rsm:Resolution>
			<rsm:Unit>MIN</rsm:Unit>
		</rsm:Resolution>
		<rsm:ProductionMeteringPoint>
			<rsm:VSENationalID schemeID="VSE" schemeAgencyID="260">CH9999901234500000000000000000002</rsm:VSENationalID>
		</rsm:ProductionMeteringPoint>
		<rsm:Product>
			<rsm:ID schemeAgencyID="9">8716867000047</rsm:ID>
			<rsm:MeasureUnit>K3</rsm:MeasureUnit>
		</rsm:Product>
		<rsm:Observation>
			<rsm:Position>
				<rsm:Sequence>1</rsm:Sequence>
			</rsm:Position>
			<rsm:Volume>400</rsm:Volume>
			<rsm:Condition>21</rsm:Condition>
		</rsm:Observation>
		<rsm:Observation>
			<rsm:Position>
				<rsm:Sequence>2</rsm:Sequence>
			</rsm:Position>
			<rsm:Volume>401</rsm:Volume>
			<rsm:Condition>56</rsm:Condition>
		</rsm:Observation>
		<rsm:Observation>
			<rsm:Position>
				<rsm:Sequence>3</rsm:Sequence>
			</rsm:Position>
			<rsm:Volume>402.402</rsm:Volume>
		</rsm:Observation>
		<rsm:Observation>
			<rsm:Position>
				<rsm:Sequence>4</rsm:Sequence>
			</rsm:Position>
			<rsm:Volume>403</rsm:Volume>
		</rsm:Observation>
		<rsm:Observation>
			<rsm:Position>
				<rsm:Sequence>5</rsm:Sequence>
			</rsm:Position>
			<rsm:Volume>404</rsm:Volume>
		</rsm:Observation>
		<rsm:Observation>
			<rsm:Position>
				<rsm:Sequence>6</rsm:Sequence>
			</rsm:Position>
			<rsm:Volume>405</rsm:Volume>
		</rsm:Observation>
		<rsm:Observation>
			<rsm:Position>
				<rsm:Sequence>7</rsm:Sequence>
			</rsm:Position>
			<rsm:Volume>406</rsm:Volume>
		</rsm:Observation>
		<rsm:Observation>
			<rsm:Position>
				<rsm:Sequence>8</rsm:Sequence>
			</rsm:Position>
			<rsm:Volume>407</rsm:Volume>
		</rsm:Observation>
		<rsm:Observation>
			<rsm:Position>
				<rsm:Sequence>9</rsm:Sequence>
			</rsm:Position>
			<rsm:Volume>408</rsm:Volume>
		</rsm:Observation>
		<rsm:Observation>
			<rsm:Position>
				<rsm:Sequence>10</rsm:Sequence>
			</rsm:Position>
			<rsm:Volume>409</rsm:Volume>
		</rsm:Observation>
		<rsm:Observation>
			<rsm:Position>
				<rsm:Sequence>11</rsm:Sequence>
			</rsm:Position>
			<rsm:Volume>410</rsm:Volume>
		</rsm:Observation>
		<rsm:Observation>
			<rsm:Position>
				<rsm:Sequence>12</rsm:Sequence>
			</rsm:Position>
			<rsm:Volume>411</rsm:Volume>
		</rsm:Observation>
		<rsm:Observation>
			<rsm:Position>
				<rsm:Sequence>13</rsm:Sequence>
			</rsm:Position>
			<rsm:Volume>412</rsm:Volume>
		</rsm:Observation>
		<rsm:Observation>
			<rsm:Position>
				<rsm:Sequence>14</rsm:Sequence>
			</rsm:Position>
			<rsm:Volume>413</rsm:Volume>
		</rsm:Observation>
		<rsm:Observation>
			<rsm:Position>
				<rsm:Sequence>15</rsm:Sequence>
			</rsm:Position>
			<rsm:Volume>414</rsm:Volume>
		</rsm:Observation>
		<rsm:Observation>
			<rsm:Position>
				<rsm:Sequence>16</rsm:Sequence>
			</rsm:Position>
			<rsm:Volume>415</rsm:Volume>
		</rsm:Observation>
		<rsm:Observation>
			<rsm:Position>
				<rsm:Sequence>17</rsm:Sequence>
			</rsm:Position>
			<rsm:Volume>416</rsm:Volume>
		</rsm:Observation>
		<rsm:Observation>
			<rsm:Position>
				<rsm:Sequence>18</rsm:Sequence>
			</rsm:Position>
			<rsm:Volume>417</rsm:Volume>
		</rsm:Observation>
		<rsm:Observation>
			<rsm:Position>
				<rsm:Sequence>19</rsm:Sequence>
			</rsm:Position>
			<rsm:Volume>418</rsm:Volume>
		</rsm:Observation>
		<rsm:Observation>
			<rsm:Position>
				<rsm:Sequence>20</rsm:Sequence>
			</rsm:Position>
			<rsm:Volume>419</rsm:Volume>
		</rsm:Observation>
		<rsm:Observation>
			<rsm:Position>
				<rsm:Sequence>21</rsm:Sequence>
			</rsm:Position>
			<rsm:Volume>420</rsm:Volume>
		</rsm:Observation>
		<rsm:Observation>
			<rsm:Position>
				<rsm:Sequence>22</rsm:Sequence>
			</rsm:Position>
			<rsm:Volume>421</rsm:Volume>
		</rsm:Observation>
		<rsm:Observation>
			<rsm:Position>
				<rsm:Sequence>23</rsm:Sequence>
			</rsm:Position>
			<rsm:Volume>422</rsm:Volume>
		</rsm:Observation>
		<rsm:Observation>
			<rsm:Position>
				<rsm:Sequence>24</rsm:Sequence>
			</rsm:Position>
			<rsm:Volume>423</rsm:Volume>
		</rsm:Observation>
		<rsm:Observation>
			<rsm:Position>
				<rsm:Sequence>25</rsm:Sequence>
			</rsm:Position>
			<rsm:Volume>424</rsm:Volume>
		</rsm:Observation>
		<rsm:Observation>
			<rsm:Position>
				<rsm:Sequence>26</rsm:Sequence>
			</rsm:Position>
			<rsm:Volume>425</rsm:Volume>
		</rsm:Observation>
		<rsm:Observation>
			<rsm:Position>
				<rsm:Sequence>27</rsm:Sequence>
			</rsm:Position>
			<rsm:Volume>426</rsm:Volume>
		</rsm:Observation>
		<rsm:Observation>
			<rsm:Position>
				<rsm:Sequence>28</rsm:Sequence>
			</rsm:Position>
			<rsm:Volume>427</rsm:Volume>
		</rsm:Observation>
		<rsm:Observation>
			<rsm:Position>
				<rsm:Sequence>29</rsm:Sequence>
			</rsm:Position>
			<rsm:Volume>428</rsm:Volume>
		</rsm:Observation>
		<rsm:Observation>
			<rsm:Position>
				<rsm:Sequence>30</rsm:Sequence>
			</rsm:Position>
			<rsm:Volume>429</rsm:Volume>
		</rsm:Observation>
		<rsm:Observation>
			<rsm:Position>
				<rsm:Sequence>31</rsm:Sequence>
			</rsm:Position>
			<rsm:Volume>430</rsm:Volume>
		</rsm:Observation>
		<rsm:Observation>
			<rsm:Position>
				<rsm:Sequence>32</rsm:Sequence>
			</rsm:Position>
			<rsm:Volume>431</rsm:Volume>
		</rsm:Observation>
		<rsm:Observation>
			<rsm:Position>
				<rsm:Sequence>33</rsm:Sequence>
			</rsm:Position>
			<rsm:Volume>432</rsm:Volume>
		</rsm:Observation>
		<rsm:Observation>
			<rsm:Position>
				<rsm:Sequence>34</rsm:Sequence>
			</rsm:Position>
			<rsm:Volume>433</rsm:Volume>
		</rsm:Observation>
		<rsm:Observation>
			<rsm:Position>
				<rsm:Sequence>35</rsm:Sequence>
			</rsm:Position>
			<rsm:Volume>434</rsm:Volume>
		</rsm:Observation>
		<rsm:Observation>
			<rsm:Position>
				<rsm:Sequence>36</rsm:Sequence>
			</rsm:Position>
			<rsm:Volume>435</rsm:Volume>
		</rsm:Observation>
		<rsm:Observation>
			<rsm:Position>
				<rsm:Sequence>37</rsm:Sequence>
			</rsm:Position>
			<rsm:Volume>436</rsm:Volume>
		</rsm:Observation>
		<rsm:Observation>
			<rsm:Position>
				<rsm:Sequence>38</rsm:Sequence>
			</rsm:Position>
			<rsm:Volume>437</rsm:Volume>
		</rsm:Observation>
		<rsm:Observation>
			<rsm:Position>
				<rsm:Sequence>39</rsm:Sequence>
			</rsm:Position>
			<rsm:Volume>438</rsm:Volume>
		</rsm:Observation>
		<rsm:Observation>
			<rsm:Position>
				<rsm:Sequence>40</rsm:Sequence>
			</rsm:Position>
			<rsm:Volume>439</rsm:Volume>
		</rsm:Observation>
		<rsm:Observation>
			<rsm:Position>
				<rsm:Sequence>41</rsm:Sequence>
			</rsm:Position>
			<rsm:Volume>440</rsm:Volume>
		</rsm:Observation>
		<rsm:Observation>
			<rsm:Position>
				<rsm:Sequence>42</rsm:Sequence>
			</rsm:Position>
			<rsm:Volume>441</rsm:Volume>
		</rsm:Observation>
		<rsm:Observation>
			<rsm:Position>
				<rsm:Sequence>43</rsm:Sequence>
			</rsm:Position>
			<rsm:Volume>442</rsm:Volume>
		</rsm:Observation>
		<rsm:Observation>
			<rsm:Position>
				<rsm:Sequence>44</rsm:Sequence>
			</rsm:Position>
			<rsm:Volume>443</rsm:Volume>
		</rsm:Observation>
		<rsm:Observation>
			<rsm:Position>
				<rsm:Sequence>45</rsm:Sequence>
			</rsm:Position>
			<rsm:Volume>444</rsm:Volume>
		</rsm:Observation>
		<rsm:Observation>
			<rsm:Position>
				<rsm:Sequence>46</rsm:Sequence>
			</rsm:Position>
			<rsm:Volume>445</rsm:Volume>
		</rsm:Observation>
		<rsm:Observation>
			<rsm:Position>
				<rsm:Sequence>47</rsm:Sequence>
			</rsm:Position>
			<rsm:Volume>446</rsm:Volume>
		</rsm:Observation>
		<rsm:Observation>
			<rsm:Position>
				<rsm:Sequence>48</rsm:Sequence>
			</rsm:Position>
			<rsm:Volume>447</rsm:Volume>
		</rsm:Observation>
		<rsm:Observation>
			<rsm:Position>
				<rsm:Sequence>49</rsm:Sequence>
			</rsm:Position>
			<rsm:Volume>448</rsm:Volume>
		</rsm:Observation>
		<rsm:Observation>
			<rsm:Position>
				<rsm:Sequence>50</rsm:Sequence>
			</rsm:Position>
			<rsm:Volume>449</rsm:Volume>
		</rsm:Observation>
		<rsm:Observation>
			<rsm:Position>
				<rsm:Sequence>51</rsm:Sequence>
			</rsm:Position>
			<rsm:Volume>450</rsm:Volume>
		</rsm:Observation>
		<rsm:Observation>
			<rsm:Position>
				<rsm:Sequence>52</rsm:Sequence>
			</rsm:Position>
			<rsm:Volume>451</rsm:Volume>
		</rsm:Observation>
		<rsm:Observation>
			<rsm:Position>
				<rsm:Sequence>53</rsm:Sequence>
			</rsm:Position>
			<rsm:Volume>452</rsm:Volume>
		</rsm:Observation>
		<rsm:Observation>
			<rsm:Position>
				<rsm:Sequence>54</rsm:Sequence>
			</rsm:Position>
			<rsm:Volume>453</rsm:Volume>
		</rsm:Observation>
		<rsm:Observation>
			<rsm:Position>
				<rsm:Sequence>55</rsm:Sequence>
			</rsm:Position>
			<rsm:Volume>454</rsm:Volume>
		</rsm:Observation>
		<rsm:Observation>
			<rsm:Position>
				<rsm:Sequence>56</rsm:Sequence>
			</rsm:Position>
			<rsm:Volume>455</rsm:Volume>
		</rsm:Observation>
		<rsm:Observation>
			<rsm:Position>
				<rsm:Sequence>57</rsm:Sequence>
			</rsm:Position>
			<rsm:Volume>456</rsm:Volume>
		</rsm:Observation>
		<rsm:Observation>
			<rsm:Position>
				<rsm:Sequence>58</rsm:Sequence>
			</rsm:Position>
			<rsm:Volume>457</rsm:Volume>
		</rsm:Observation>
		<rsm:Observation>
			<rsm:Position>
				<rsm:Sequence>59</rsm:Sequence>
			</rsm:Position>
			<rsm:Volume>458</rsm:Volume>
		</rsm:Observation>
		<rsm:Observation>
			<rsm:Position>
				<rsm:Sequence>60</rsm:Sequence>
			</rsm:Position>
			<rsm:Volume>459</rsm:Volume>
		</rsm:Observation>
		<rsm:Observation>
			<rsm:Position>
				<rsm:Sequence>61</rsm:Sequence>
			</rsm:Position>
			<rsm:Volume>460</rsm:Volume>
		</rsm:Observation>
		<rsm:Observation>
			<rsm:Position>
				<rsm:Sequence>62</rsm:Sequence>
			</rsm:Position>
			<rsm:Volume>461</rsm:Volume>
		</rsm:Observation>
		<rsm:Observation>
			<rsm:Position>
				<rsm:Sequence>63</rsm:Sequence>
			</rsm:Position>
			<rsm:Volume>462</rsm:Volume>
		</rsm:Observation>
		<rsm:Observation>
			<rsm:Position>
				<rsm:Sequence>64</rsm:Sequence>
			</rsm:Position>
			<rsm:Volume>463</rsm:Volume>
		</rsm:Observation>
		<rsm:Observation>
			<rsm:Position>
				<rsm:Sequence>65</rsm:Sequence>
			</rsm:Position>
			<rsm:Volume>464</rsm:Volume>
		</rsm:Observation>
		<rsm:Observation>
			<rsm:Position>
				<rsm:Sequence>66</rsm:Sequence>
			</rsm:Position>
			<rsm:Volume>465</rsm:Volume>
		</rsm:Observation>
		<rsm:Observation>
			<rsm:Position>
				<rsm:Sequence>67</rsm:Sequence>
			</rsm:Position>
			<rsm:Volume>466</rsm:Volume>
		</rsm:Observation>
		<rsm:Observation>
			<rsm:Position>
				<rsm:Sequence>68</rsm:Sequence>
			</rsm:Position>
			<rsm:Volume>467</rsm:Volume>
		</rsm:Observation>
		<rsm:Observation>
			<rsm:Position>
				<rsm:Sequence>69</rsm:Sequence>
			</rsm:Position>
			<rsm:Volume>468</rsm:Volume>
		</rsm:Observation>
		<rsm:Observation>
			<rsm:Position>
				<rsm:Sequence>70</rsm:Sequence>
			</rsm:Position>
			<rsm:Volume>469</rsm:Volume>
		</rsm:Observation>
		<rsm:Observation>
			<rsm:Position>
				<rsm:Sequence>71</rsm:Sequence>
			</rsm:Position>
			<rsm:Volume>470</rsm:Volume>
		</rsm:Observation>
		<rsm:Observation>
			<rsm:Position>
				<rsm:Sequence>72</rsm:Sequence>
			</rsm:Position>
			<rsm:Volume>471</rsm:Volume>
		</rsm:Observation>
		<rsm:Observation>
			<rsm:Position>
				<rsm:Sequence>73</rsm:Sequence>
			</rsm:Position>
			<rsm:Volume>472</rsm:Volume>
		</rsm:Observation>
		<rsm:Observation>
			<rsm:Position>
				<rsm:Sequence>74</rsm:Sequence>
			</rsm:Position>
			<rsm:Volume>473</rsm:Volume>
		</rsm:Observation>
		<rsm:Observation>
			<rsm:Position>
				<rsm:Sequence>75</rsm:Sequence>
			</rsm:Position>
			<rsm:Volume>474</rsm:Volume>
		</rsm:Observation>
		<rsm:Observation>
			<rsm:Position>
				<rsm:Sequence>76</rsm:Sequence>
			</rsm:Position>
			<rsm:Volume>475</rsm:Volume>
		</rsm:Observation>
		<rsm:Observation>
			<rsm:Position>
				<rsm:Sequence>77</rsm:Sequence>
			</rsm:Position>
			<rsm:Volume>476</rsm:Volume>
		</rsm:Observation>
		<rsm:Observation>
			<rsm:Position>
				<rsm:Sequence>78</rsm:Sequence>
			</rsm:Position>
			<rsm:Volume>477</rsm:Volume>
		</rsm:Observation>
		<rsm:Observation>
			<rsm:Position>
				<rsm:Sequence>79</rsm:Sequence>
			</rsm:Position>
			<rsm:Volume>478</rsm:Volume>
		</rsm:Observation>
		<rsm:Observation>
			<rsm:Position>
				<rsm:Sequence>80</rsm:Sequence>
			</rsm:Position>
			<rsm:Volume>479</rsm:Volume>
		</rsm:Observation>
		<rsm:Observation>
			<rsm:Position>
				<rsm:Sequence>81</rsm:Sequence>
			</rsm:Position>
			<rsm:Volume>480</rsm:Volume>
		</rsm:Observation>
		<rsm:Observation>
			<rsm:Position>
				<rsm:Sequence>82</rsm:Sequence>
			</rsm:Position>
			<rsm:Volume>481</rsm:Volume>
		</rsm:Observation>
		<rsm:Observation>
			<rsm:Position>
				<rsm:Sequence>83</rsm:Sequence>
			</rsm:Position>
			<rsm:Volume>482</rsm:Volume>
		</rsm:Observation>
		<rsm:Observation>
			<rsm:Position>
				<rsm:Sequence>84</rsm:Sequence>
			</rsm:Position>
			<rsm:Volume>483</rsm:Volume>
		</rsm:Observation>
		<rsm:Observation>
			<rsm:Position>
				<rsm:Sequence>85</rsm:Sequence>
			</rsm:Position>
			<rsm:Volume>484</rsm:Volume>
		</rsm:Observation>
		<rsm:Observation>
			<rsm:Position>
				<rsm:Sequence>86</rsm:Sequence>
			</rsm:Position>
			<rsm:Volume>485</rsm:Volume>
		</rsm:Observation>
		<rsm:Observation>
			<rsm:Position>
				<rsm:Sequence>87</rsm:Sequence>
			</rsm:Position>
			<rsm:Volume>486</rsm:Volume>
		</rsm:Observation>
		<rsm:Observation>
			<rsm:Position>
				<rsm:Sequence>88</rsm:Sequence>
			</rsm:Position>
			<rsm:Volume>487</rsm:Volume>
		</rsm:Observation>
		<rsm:Observation>
			<rsm:Position>
				<rsm:Sequence>89</rsm:Sequence>
			</rsm:Position>
			<rsm:Volume>488</rsm:Volume>
		</rsm:Observation>
		<rsm:Observation>
			<rsm:Position>
				<rsm:Sequence>90</rsm:Sequence>
			</rsm:Position>
			<rsm:Volume>489</rsm:Volume>
		</rsm:Observation>
		<rsm:Observation>
			<rsm:Position>
				<rsm:Sequence>91</rsm:Sequence>
			</rsm:Position>
			<rsm:Volume>490</rsm:Volume>
		</rsm:Observation>
		<rsm:Observation>
			<rsm:Position>
				<rsm:Sequence>92</rsm:Sequence>
			</rsm:Position>
			<rsm:Volume>491</rsm:Volume>
		</rsm:Observation>
		<rsm:Observation>
			<rsm:Position>
				<rsm:Sequence>93</rsm:Sequence>
			</rsm:Position>
			<rsm:Volume>492</rsm:Volume>
		</rsm:Observation>
		<rsm:Observation>
			<rsm:Position>
				<rsm:Sequence>94</rsm:Sequence>
			</rsm:Position>
			<rsm:Volume>493</rsm:Volume>
		</rsm:Observation>
		<rsm:Observation>
			<rsm:Position>
				<rsm:Sequence>95</rsm:Sequence>
			</rsm:Position>
			<rsm:Volume>494</rsm:Volume>
		</rsm:Observation>
		<rsm:Observation>
			<rsm:Position>
				<rsm:Sequence>96</rsm:Sequence>
			</rsm:Position>
			<rsm:Volume>495</rsm:Volume>
		</rsm:Observation>
	</rsm:MeteringData>
</rsm:ValidatedMeteredData_14>
