<?xml version="1.0" encoding="UTF-8"?>
<rsm:CancellationResponseFromMPA_11 xsi:schemaLocation="http://www.strom.ch CancellationResponseFromMPA_1p1.xsd" xmlns:rsm="http://www.strom.ch" xmlns:xsi="http://www.w3.org/2001/XMLSchema-instance">
	<rsm:CancellationResponseFromMPA_HeaderInformation>
		<rsm:HeaderVersion>1.0</rsm:HeaderVersion>
		<rsm:Sender>
			<rsm:ID>
				<rsm:EICID schemeAgencyID="305">12X-PARTY-B-000E</rsm:EICID>
			</rsm:ID>
			<rsm:Role>DDZ</rsm:Role>
		</rsm:Sender>
		<rsm:Receiver>
			<rsm:ID>
				<rsm:EICID schemeAgencyID="305">12X-PARTY-A-000K</rsm:EICID>
			</rsm:ID>
			<rsm:Role>DDQ</rsm:Role>
		</rsm:Receiver>
		<rsm:InstanceDocument>
			<rsm:DictionaryAgencyID>260</rsm:DictionaryAgencyID>
			<rsm:VersionID listAgencyID="260">2007B</rsm:VersionID>
			<rsm:DocumentID>DID_AbbrBest_3_2_1_x_LiefWec_21_11a</rsm:DocumentID>
			<rsm:DocumentType listAgencyID="260">
				<rsm:ebIXCode>E68</rsm:ebIXCode>
			</rsm:DocumentType>
			<rsm:Creation>2008-06-17T14:14:14Z</rsm:Creation>
			<rsm:Status>9</rsm:Status>
		</rsm:InstanceDocument>
		<rsm:BusinessScopeProcess>
			<rsm:BusinessReasonType codeListAgency="260">
				<rsm:ebIXCode>E05</rsm:ebIXCode>
			</rsm:BusinessReasonType>
			<rsm:BusinessDomainType listAgencyID="260">E01</rsm:BusinessDomainType>
			<rsm:BusinessSectorType>23</rsm:BusinessSectorType>
			<rsm:BusinessService>
				<rsm:ServiceTransaction isIntelligibleCheckRequired="true"/>
			</rsm:BusinessService>
		</rsm:BusinessScopeProcess>
	</rsm:CancellationResponseFromMPA_HeaderInformation>
	<rsm:Cancellation>
		<rsm:DocumentID>DID_AbbrBest_3_2_1_x_LiefWec_21_11b</rsm:DocumentID>
		<rsm:BusinessProcessID>BusPID_Beispiel_3_2_1_4_LiefW_11_1a</rsm:BusinessProcessID>
		<rsm:ReferenceToRequestingDocumentID>DID_AbbrAnfr_3_2_1_x_LiefWec_21_11c</rsm:ReferenceToRequestingDocumentID>
		<rsm:RequestedTransaction>
			<rsm:Status>39</rsm:Status>
		</rsm:RequestedTransaction>
	</rsm:Cancellation>
	<rsm:Cancellation>
		<rsm:DocumentID>DID_AbbrBest_3_2_1_x_LiefWec_21_11c</rsm:DocumentID>
		<rsm:BusinessProcessID>BusPID_Beispiel_3_2_1_4_LiefW_11_1b</rsm:BusinessProcessID>
		<rsm:ReferenceToRequestingDocumentID>DID_AbbrAnfr_3_2_1_x_LiefWec_21_11b</rsm:ReferenceToRequestingDocumentID>
		<rsm:RequestedTransaction>
			<rsm:Status>39</rsm:Status>
		</rsm:RequestedTransaction>
	</rsm:Cancellation>
</rsm:CancellationResponseFromMPA_11>
