<?xml version="1.0" encoding="UTF-8"?>
<rsm:ResponseFromMPA_Reject_11 xsi:schemaLocation="http://www.strom.ch ResponseFromMPA_Reject_1p1.xsd" xmlns:rsm="http://www.strom.ch" xmlns:xsi="http://www.w3.org/2001/XMLSchema-instance">
	<rsm:ResponseFromMPA_Reject_HeaderInformation>
		<rsm:HeaderVersion>1.0</rsm:HeaderVersion>
		<rsm:Sender>
			<rsm:ID>
				<rsm:EICID schemeAgencyID="305">12X-PARTY-B-000E</rsm:EICID>
			</rsm:ID>
			<rsm:Role>DDZ</rsm:Role>
		</rsm:Sender>
		<rsm:Receiver>
			<rsm:ID>
				<rsm:EICID schemeAgencyID="305">12X-PARTY-A-000K</rsm:EICID>
			</rsm:ID>
			<rsm:Role>DDQ</rsm:Role>
		</rsm:Receiver>
		<rsm:InstanceDocument>
			<rsm:DictionaryAgencyID>260</rsm:DictionaryAgencyID>
			<rsm:VersionID listAgencyID="260">2007B</rsm:VersionID>
			<rsm:DocumentID>DID_Beispiel_3_2_1_x_LiefWec_22_11a</rsm:DocumentID>
			<rsm:DocumentType>
				<rsm:CefactCode>414</rsm:CefactCode>
			</rsm:DocumentType>
			<rsm:Creation>2008-06-13T07:04:05Z</rsm:Creation>
			<rsm:Status>9</rsm:Status>
		</rsm:InstanceDocument>
		<rsm:BusinessScopeProcess>
			<rsm:BusinessReasonType codeListAgency="260">
				<rsm:ebIXCode>E03</rsm:ebIXCode>
			</rsm:BusinessReasonType>
			<rsm:BusinessDomainType listAgencyID="260">E01</rsm:BusinessDomainType>
			<rsm:BusinessSectorType>23</rsm:BusinessSectorType>
			<rsm:BusinessService>
				<rsm:ServiceTransaction isIntelligibleCheckRequired="true"/>
			</rsm:BusinessService>
		</rsm:BusinessScopeProcess>
	</rsm:ResponseFromMPA_Reject_HeaderInformation>
	<rsm:Switch>
		<rsm:DocumentID>DID_Beispiel_3_2_1_x_LiefWec_22_11b</rsm:DocumentID>
		<rsm:RequestedTransaction>
			<rsm:Status>41</rsm:Status>
			<rsm:Reason>E10</rsm:Reason>
		</rsm:RequestedTransaction>
		<rsm:ReferenceToRequestingDocumentID>DID_Beispiel_3_2_1_x_LiefWec_10_11c</rsm:ReferenceToRequestingDocumentID>
		<rsm:BusinessProcessID>BusPID_Beispiel_3_2_1_5_LiefW_11_2a</rsm:BusinessProcessID>
	</rsm:Switch>
	<rsm:Switch>
		<rsm:DocumentID>DID_Beispiel_3_2_1_x_LiefWec_22_11c</rsm:DocumentID>
		<rsm:RequestedTransaction>
			<rsm:Status>41</rsm:Status>
			<rsm:Reason>E16</rsm:Reason>
		</rsm:RequestedTransaction>
		<rsm:ReferenceToRequestingDocumentID>DID_Beispiel_3_2_1_x_LiefWec_10_11b</rsm:ReferenceToRequestingDocumentID>
		<rsm:BusinessProcessID>BusPID_Beispiel_3_2_1_5_LiefW_11_2b</rsm:BusinessProcessID>
	</rsm:Switch>
</rsm:ResponseFromMPA_Reject_11>
