<?xml version="1.0" encoding="UTF-8"?><rsm:ValidatedMeteredData_14 xsi:schemaLocation="http://www.strom.ch ValidatedMeteredData_1p4.xsd" xmlns:rsm="http://www.strom.ch" xmlns:xsi="http://www.w3.org/2001/XMLSchema-instance"><rsm:ValidatedMeteredData_HeaderInformation>
				<rsm:HeaderVersion>1.0</rsm:HeaderVersion>
				<rsm:Sender>
					<rsm:ID>
						<rsm:EICID schemeAgencyID="305">12X-0000001216-O</rsm:EICID>
					</rsm:ID>
					<rsm:Role>MDR</rsm:Role>
				</rsm:Sender>
				<rsm:Receiver>
					<rsm:ID>
						<rsm:EICID schemeAgencyID="305">12X-LIPPUNEREM-T</rsm:EICID>
					</rsm:ID>
					<rsm:Role>DEC</rsm:Role>
				</rsm:Receiver>
				<rsm:InstanceDocument>
					<rsm:DictionaryAgencyID>260</rsm:DictionaryAgencyID>
					<rsm:VersionID listAgencyID="260">2007B</rsm:VersionID>
					<rsm:DocumentID>eslevu221131_BR2294_ID742</rsm:DocumentID><rsm:DocumentType listAgencyID="260">
				<rsm:ebIXCode>E66</rsm:ebIXCode> 
			</rsm:DocumentType><rsm:Creation>2020-08-26T07:31:00Z</rsm:Creation>
					<rsm:Status>9</rsm:Status>
				</rsm:InstanceDocument>
				<rsm:BusinessScopeProcess><rsm:BusinessReasonType codeListAgency="260">
						<rsm:ebIXCode>E88</rsm:ebIXCode>
					</rsm:BusinessReasonType><rsm:BusinessDomainType listAgencyID="260">E02</rsm:BusinessDomainType>
					<rsm:BusinessSectorType>23</rsm:BusinessSectorType><rsm:ReportPeriod>
						<rsm:StartDateTime>2020-08-23T22:00:00Z</rsm:StartDateTime>
						<rsm:EndDateTime>2020-08-24T22:00:00Z</rsm:EndDateTime>
					</rsm:ReportPeriod><rsm:BusinessService>
						<rsm:ServiceTransaction isIntelligibleCheckRequired="true"/>
					</rsm:BusinessService>
				</rsm:BusinessScopeProcess></rsm:ValidatedMeteredData_HeaderInformation>
		<rsm:MeteringData>
			<rsm:DocumentID>eslevu221131_D</rsm:DocumentID>
			<rsm:Interval>
				<rsm:StartDateTime>2020-08-23T22:00:00Z</rsm:StartDateTime>
				<rsm:EndDateTime>2020-08-24T22:00:00Z</rsm:EndDateTime>
			</rsm:Interval>
			<rsm:Resolution>
				<rsm:Resolution>15</rsm:Resolution>
				<rsm:Unit>MIN</rsm:Unit>
			</rsm:Resolution><rsm:ConsumptionMeteringPoint>
					<rsm:VSENationalID schemeID="VSE" schemeAgencyID="260">CH100790123450000000D011000800065</rsm:VSENationalID>
				</rsm:ConsumptionMeteringPoint><rsm:Product>
				<rsm:ID schemeAgencyID="9">8716867000030</rsm:ID>
				<rsm:MeasureUnit>KWH</rsm:MeasureUnit>
			</rsm:Product><rsm:Observation><rsm:Position><rsm:Sequence>1</rsm:Sequence></rsm:Position><rsm:Volume>0.900</rsm:Volume></rsm:Observation><rsm:Observation><rsm:Position><rsm:Sequence>2</rsm:Sequence></rsm:Position><rsm:Volume>1.200</rsm:Volume></rsm:Observation><rsm:Observation><rsm:Position><rsm:Sequence>3</rsm:Sequence></rsm:Position><rsm:Volume>0.900</rsm:Volume></rsm:Observation><rsm:Observation><rsm:Position><rsm:Sequence>4</rsm:Sequence></rsm:Position><rsm:Volume>0.900</rsm:Volume></rsm:Observation><rsm:Observation><rsm:Position><rsm:Sequence>5</rsm:Sequence></rsm:Position><rsm:Volume>1.200</rsm:Volume></rsm:Observation><rsm:Observation><rsm:Position><rsm:Sequence>6</rsm:Sequence></rsm:Position><rsm:Volume>0.900</rsm:Volume></rsm:Observation><rsm:Observation><rsm:Position><rsm:Sequence>7</rsm:Sequence></rsm:Position><rsm:Volume>0.900</rsm:Volume></rsm:Observation><rsm:Observation><rsm:Position><rsm:Sequence>8</rsm:Sequence></rsm:Position><rsm:Volume>1.200</rsm:Volume></rsm:Observation><rsm:Observation><rsm:Position><rsm:Sequence>9</rsm:Sequence></rsm:Position><rsm:Volume>0.900</rsm:Volume></rsm:Observation><rsm:Observation><rsm:Position><rsm:Sequence>10</rsm:Sequence></rsm:Position><rsm:Volume>1.200</rsm:Volume></rsm:Observation><rsm:Observation><rsm:Position><rsm:Sequence>11</rsm:Sequence></rsm:Position><rsm:Volume>0.900</rsm:Volume></rsm:Observation><rsm:Observation><rsm:Position><rsm:Sequence>12</rsm:Sequence></rsm:Position><rsm:Volume>0.900</rsm:Volume></rsm:Observation><rsm:Observation><rsm:Position><rsm:Sequence>13</rsm:Sequence></rsm:Position><rsm:Volume>1.200</rsm:Volume></rsm:Observation><rsm:Observation><rsm:Position><rsm:Sequence>14</rsm:Sequence></rsm:Position><rsm:Volume>0.900</rsm:Volume></rsm:Observation><rsm:Observation><rsm:Position><rsm:Sequence>15</rsm:Sequence></rsm:Position><rsm:Volume>0.900</rsm:Volume></rsm:Observation><rsm:Observation><rsm:Position><rsm:Sequence>16</rsm:Sequence></rsm:Position><rsm:Volume>1.200</rsm:Volume></rsm:Observation><rsm:Observation><rsm:Position><rsm:Sequence>17</rsm:Sequence></rsm:Position><rsm:Volume>0.900</rsm:Volume></rsm:Observation><rsm:Observation><rsm:Position><rsm:Sequence>18</rsm:Sequence></rsm:Position><rsm:Volume>1.200</rsm:Volume></rsm:Observation><rsm:Observation><rsm:Position><rsm:Sequence>19</rsm:Sequence></rsm:Position><rsm:Volume>0.900</rsm:Volume></rsm:Observation><rsm:Observation><rsm:Position><rsm:Sequence>20</rsm:Sequence></rsm:Position><rsm:Volume>0.900</rsm:Volume></rsm:Observation><rsm:Observation><rsm:Position><rsm:Sequence>21</rsm:Sequence></rsm:Position><rsm:Volume>1.200</rsm:Volume></rsm:Observation><rsm:Observation><rsm:Position><rsm:Sequence>22</rsm:Sequence></rsm:Position><rsm:Volume>0.900</rsm:Volume></rsm:Observation><rsm:Observation><rsm:Position><rsm:Sequence>23</rsm:Sequence></rsm:Position><rsm:Volume>1.200</rsm:Volume></rsm:Observation><rsm:Observation><rsm:Position><rsm:Sequence>24</rsm:Sequence></rsm:Position><rsm:Volume>1.500</rsm:Volume></rsm:Observation><rsm:Observation><rsm:Position><rsm:Sequence>25</rsm:Sequence></rsm:Position><rsm:Volume>1.500</rsm:Volume></rsm:Observation><rsm:Observation><rsm:Position><rsm:Sequence>26</rsm:Sequence></rsm:Position><rsm:Volume>2.100</rsm:Volume></rsm:Observation><rsm:Observation><rsm:Position><rsm:Sequence>27</rsm:Sequence></rsm:Position><rsm:Volume>2.100</rsm:Volume></rsm:Observation><rsm:Observation><rsm:Position><rsm:Sequence>28</rsm:Sequence></rsm:Position><rsm:Volume>2.100</rsm:Volume></rsm:Observation><rsm:Observation><rsm:Position><rsm:Sequence>29</rsm:Sequence></rsm:Position><rsm:Volume>3.300</rsm:Volume></rsm:Observation><rsm:Observation><rsm:Position><rsm:Sequence>30</rsm:Sequence></rsm:Position><rsm:Volume>2.400</rsm:Volume></rsm:Observation><rsm:Observation><rsm:Position><rsm:Sequence>31</rsm:Sequence></rsm:Position><rsm:Volume>2.400</rsm:Volume></rsm:Observation><rsm:Observation><rsm:Position><rsm:Sequence>32</rsm:Sequence></rsm:Position><rsm:Volume>2.400</rsm:Volume></rsm:Observation><rsm:Observation><rsm:Position><rsm:Sequence>33</rsm:Sequence></rsm:Position><rsm:Volume>2.400</rsm:Volume></rsm:Observation><rsm:Observation><rsm:Position><rsm:Sequence>34</rsm:Sequence></rsm:Position><rsm:Volume>2.700</rsm:Volume></rsm:Observation><rsm:Observation><rsm:Position><rsm:Sequence>35</rsm:Sequence></rsm:Position><rsm:Volume>2.100</rsm:Volume></rsm:Observation><rsm:Observation><rsm:Position><rsm:Sequence>36</rsm:Sequence></rsm:Position><rsm:Volume>1.200</rsm:Volume></rsm:Observation><rsm:Observation><rsm:Position><rsm:Sequence>37</rsm:Sequence></rsm:Position><rsm:Volume>0.900</rsm:Volume></rsm:Observation><rsm:Observation><rsm:Position><rsm:Sequence>38</rsm:Sequence></rsm:Position><rsm:Volume>0.300</rsm:Volume></rsm:Observation><rsm:Observation><rsm:Position><rsm:Sequence>39</rsm:Sequence></rsm:Position><rsm:Volume>0.000</rsm:Volume></rsm:Observation><rsm:Observation><rsm:Position><rsm:Sequence>40</rsm:Sequence></rsm:Position><rsm:Volume>0.300</rsm:Volume></rsm:Observation><rsm:Observation><rsm:Position><rsm:Sequence>41</rsm:Sequence></rsm:Position><rsm:Volume>0.000</rsm:Volume></rsm:Observation><rsm:Observation><rsm:Position><rsm:Sequence>42</rsm:Sequence></rsm:Position><rsm:Volume>0.000</rsm:Volume></rsm:Observation><rsm:Observation><rsm:Position><rsm:Sequence>43</rsm:Sequence></rsm:Position><rsm:Volume>1.200</rsm:Volume></rsm:Observation><rsm:Observation><rsm:Position><rsm:Sequence>44</rsm:Sequence></rsm:Position><rsm:Volume>1.200</rsm:Volume></rsm:Observation><rsm:Observation><rsm:Position><rsm:Sequence>45</rsm:Sequence></rsm:Position><rsm:Volume>1.200</rsm:Volume></rsm:Observation><rsm:Observation><rsm:Position><rsm:Sequence>46</rsm:Sequence></rsm:Position><rsm:Volume>1.200</rsm:Volume></rsm:Observation><rsm:Observation><rsm:Position><rsm:Sequence>47</rsm:Sequence></rsm:Position><rsm:Volume>0.300</rsm:Volume></rsm:Observation><rsm:Observation><rsm:Position><rsm:Sequence>48</rsm:Sequence></rsm:Position><rsm:Volume>0.300</rsm:Volume></rsm:Observation><rsm:Observation><rsm:Position><rsm:Sequence>49</rsm:Sequence></rsm:Position><rsm:Volume>0.600</rsm:Volume></rsm:Observation><rsm:Observation><rsm:Position><rsm:Sequence>50</rsm:Sequence></rsm:Position><rsm:Volume>0.000</rsm:Volume></rsm:Observation><rsm:Observation><rsm:Position><rsm:Sequence>51</rsm:Sequence></rsm:Position><rsm:Volume>0.300</rsm:Volume></rsm:Observation><rsm:Observation><rsm:Position><rsm:Sequence>52</rsm:Sequence></rsm:Position><rsm:Volume>0.300</rsm:Volume></rsm:Observation><rsm:Observation><rsm:Position><rsm:Sequence>53</rsm:Sequence></rsm:Position><rsm:Volume>0.300</rsm:Volume></rsm:Observation><rsm:Observation><rsm:Position><rsm:Sequence>54</rsm:Sequence></rsm:Position><rsm:Volume>0.900</rsm:Volume></rsm:Observation><rsm:Observation><rsm:Position><rsm:Sequence>55</rsm:Sequence></rsm:Position><rsm:Volume>0.300</rsm:Volume></rsm:Observation><rsm:Observation><rsm:Position><rsm:Sequence>56</rsm:Sequence></rsm:Position><rsm:Volume>0.000</rsm:Volume></rsm:Observation><rsm:Observation><rsm:Position><rsm:Sequence>57</rsm:Sequence></rsm:Position><rsm:Volume>0.000</rsm:Volume></rsm:Observation><rsm:Observation><rsm:Position><rsm:Sequence>58</rsm:Sequence></rsm:Position><rsm:Volume>1.200</rsm:Volume></rsm:Observation><rsm:Observation><rsm:Position><rsm:Sequence>59</rsm:Sequence></rsm:Position><rsm:Volume>0.900</rsm:Volume></rsm:Observation><rsm:Observation><rsm:Position><rsm:Sequence>60</rsm:Sequence></rsm:Position><rsm:Volume>0.600</rsm:Volume></rsm:Observation><rsm:Observation><rsm:Position><rsm:Sequence>61</rsm:Sequence></rsm:Position><rsm:Volume>0.300</rsm:Volume></rsm:Observation><rsm:Observation><rsm:Position><rsm:Sequence>62</rsm:Sequence></rsm:Position><rsm:Volume>0.000</rsm:Volume></rsm:Observation><rsm:Observation><rsm:Position><rsm:Sequence>63</rsm:Sequence></rsm:Position><rsm:Volume>0.300</rsm:Volume></rsm:Observation><rsm:Observation><rsm:Position><rsm:Sequence>64</rsm:Sequence></rsm:Position><rsm:Volume>0.000</rsm:Volume></rsm:Observation><rsm:Observation><rsm:Position><rsm:Sequence>65</rsm:Sequence></rsm:Position><rsm:Volume>0.000</rsm:Volume></rsm:Observation><rsm:Observation><rsm:Position><rsm:Sequence>66</rsm:Sequence></rsm:Position><rsm:Volume>0.000</rsm:Volume></rsm:Observation><rsm:Observation><rsm:Position><rsm:Sequence>67</rsm:Sequence></rsm:Position><rsm:Volume>0.600</rsm:Volume></rsm:Observation><rsm:Observation><rsm:Position><rsm:Sequence>68</rsm:Sequence></rsm:Position><rsm:Volume>0.300</rsm:Volume></rsm:Observation><rsm:Observation><rsm:Position><rsm:Sequence>69</rsm:Sequence></rsm:Position><rsm:Volume>0.300</rsm:Volume></rsm:Observation><rsm:Observation><rsm:Position><rsm:Sequence>70</rsm:Sequence></rsm:Position><rsm:Volume>0.000</rsm:Volume></rsm:Observation><rsm:Observation><rsm:Position><rsm:Sequence>71</rsm:Sequence></rsm:Position><rsm:Volume>0.300</rsm:Volume></rsm:Observation><rsm:Observation><rsm:Position><rsm:Sequence>72</rsm:Sequence></rsm:Position><rsm:Volume>0.000</rsm:Volume></rsm:Observation><rsm:Observation><rsm:Position><rsm:Sequence>73</rsm:Sequence></rsm:Position><rsm:Volume>0.300</rsm:Volume></rsm:Observation><rsm:Observation><rsm:Position><rsm:Sequence>74</rsm:Sequence></rsm:Position><rsm:Volume>0.000</rsm:Volume></rsm:Observation><rsm:Observation><rsm:Position><rsm:Sequence>75</rsm:Sequence></rsm:Position><rsm:Volume>0.600</rsm:Volume></rsm:Observation><rsm:Observation><rsm:Position><rsm:Sequence>76</rsm:Sequence></rsm:Position><rsm:Volume>1.200</rsm:Volume></rsm:Observation><rsm:Observation><rsm:Position><rsm:Sequence>77</rsm:Sequence></rsm:Position><rsm:Volume>0.900</rsm:Volume></rsm:Observation><rsm:Observation><rsm:Position><rsm:Sequence>78</rsm:Sequence></rsm:Position><rsm:Volume>1.200</rsm:Volume></rsm:Observation><rsm:Observation><rsm:Position><rsm:Sequence>79</rsm:Sequence></rsm:Position><rsm:Volume>0.900</rsm:Volume></rsm:Observation><rsm:Observation><rsm:Position><rsm:Sequence>80</rsm:Sequence></rsm:Position><rsm:Volume>0.900</rsm:Volume></rsm:Observation><rsm:Observation><rsm:Position><rsm:Sequence>81</rsm:Sequence></rsm:Position><rsm:Volume>1.200</rsm:Volume></rsm:Observation><rsm:Observation><rsm:Position><rsm:Sequence>82</rsm:Sequence></rsm:Position><rsm:Volume>0.900</rsm:Volume></rsm:Observation><rsm:Observation><rsm:Position><rsm:Sequence>83</rsm:Sequence></rsm:Position><rsm:Volume>1.200</rsm:Volume></rsm:Observation><rsm:Observation><rsm:Position><rsm:Sequence>84</rsm:Sequence></rsm:Position><rsm:Volume>0.900</rsm:Volume></rsm:Observation><rsm:Observation><rsm:Position><rsm:Sequence>85</rsm:Sequence></rsm:Position><rsm:Volume>0.900</rsm:Volume></rsm:Observation><rsm:Observation><rsm:Position><rsm:Sequence>86</rsm:Sequence></rsm:Position><rsm:Volume>0.900</rsm:Volume></rsm:Observation><rsm:Observation><rsm:Position><rsm:Sequence>87</rsm:Sequence></rsm:Position><rsm:Volume>1.200</rsm:Volume></rsm:Observation><rsm:Observation><rsm:Position><rsm:Sequence>88</rsm:Sequence></rsm:Position><rsm:Volume>0.900</rsm:Volume></rsm:Observation><rsm:Observation><rsm:Position><rsm:Sequence>89</rsm:Sequence></rsm:Position><rsm:Volume>0.900</rsm:Volume></rsm:Observation><rsm:Observation><rsm:Position><rsm:Sequence>90</rsm:Sequence></rsm:Position><rsm:Volume>0.900</rsm:Volume></rsm:Observation><rsm:Observation><rsm:Position><rsm:Sequence>91</rsm:Sequence></rsm:Position><rsm:Volume>0.900</rsm:Volume></rsm:Observation><rsm:Observation><rsm:Position><rsm:Sequence>92</rsm:Sequence></rsm:Position><rsm:Volume>0.900</rsm:Volume></rsm:Observation><rsm:Observation><rsm:Position><rsm:Sequence>93</rsm:Sequence></rsm:Position><rsm:Volume>0.900</rsm:Volume></rsm:Observation><rsm:Observation><rsm:Position><rsm:Sequence>94</rsm:Sequence></rsm:Position><rsm:Volume>1.200</rsm:Volume></rsm:Observation><rsm:Observation><rsm:Position><rsm:Sequence>95</rsm:Sequence></rsm:Position><rsm:Volume>0.900</rsm:Volume></rsm:Observation><rsm:Observation><rsm:Position><rsm:Sequence>96</rsm:Sequence></rsm:Position><rsm:Volume>0.900</rsm:Volume></rsm:Observation></rsm:MeteringData></rsm:ValidatedMeteredData_14>