<?xml version="1.0" encoding="UTF-8"?>
<ESLBillingData>
<Header version="1.0" created ="2021-04-03T05:37:00" swSystemNameFrom="ESL-EVU" swSystemNameTo="ESL-EVU" />
<Meter factoryNo="38157930" internalNo="38157930">
<TimePeriod end="2021-04-01T00:00:00">
<ValueRow obis="1-1:1.6.1" valueTimeStamp="2021-03-23T07:30:00" value="8.9000" status="V"/>
<ValueRow obis="1-1:1.6.2" valueTimeStamp="2021-03-25T07:00:00" value="6.4000" status="V"/>
<ValueRow obis="1-1:1.8.1" value="17486.4000" status="V"/>
<ValueRow obis="1-1:1.8.2" value="32787.0000" status="V"/>
<ValueRow obis="1-1:2.6.1" valueTimeStamp="2021-03-28T12:15:00" value="5.2000" status="V"/>
<ValueRow obis="1-1:2.6.2" valueTimeStamp="2021-03-28T12:15:00" value="5.2000" status="V"/>
<ValueRow obis="1-1:2.8.1" value="13468.0000" status="V"/>
<ValueRow obis="1-1:2.8.2" value="7152.5000" status="V"/>
<ValueRow obis="1-1:5.8.1" value="411.0000" status="V"/>
<ValueRow obis="1-1:5.8.2" value="654.0000" status="V"/>
<ValueRow obis="1-1:6.8.1" value="42.0000" status="V"/>
<ValueRow obis="1-1:6.8.2" value="12.0000" status="V"/>
<ValueRow obis="1-1:7.8.1" value="1807.0000" status="V"/>
<ValueRow obis="1-1:7.8.2" value="933.0000" status="V"/>
<ValueRow obis="1-1:8.8.1" value="3036.0000" status="V"/>
<ValueRow obis="1-1:8.8.2" value="7704.0000" status="V"/>
</TimePeriod>
</Meter>
</ESLBillingData>