<?xml version="1.0" encoding="UTF-8"?>
<ESLBillingData>
<Header version="1.0" created ="2019-01-31T00:00:00" swSystemNameFrom="ESL-EVU" swSystemNameTo="ESL-EVU" />
<Meter factoryNo="38157930" internalNo="38157930">
<TimePeriod end="2019-01-01T00:00:00">
<ValueRow obis="1-1:1.6.1" valueTimeStamp="2018-12-05T08:45:00" value="6.3000" status="V"/>
<ValueRow obis="1-1:1.6.2" valueTimeStamp="2018-12-08T10:45:00" value="5.3000" status="V"/>
<ValueRow obis="1-1:1.8.1" value="4755.3000" status="V"/>
<ValueRow obis="1-1:1.8.2" value="14460.9000" status="V"/>
<ValueRow obis="1-1:2.6.1" valueTimeStamp="2018-12-22T12:00:00" value="1.4000" status="V"/>
<ValueRow obis="1-1:2.6.2" valueTimeStamp="2018-12-22T12:00:00" value="1.4000" status="V"/>
<ValueRow obis="1-1:2.8.1" value="8258.1000" status="V"/>
<ValueRow obis="1-1:2.8.2" value="3543.1000" status="V"/>
<ValueRow obis="1-1:5.8.1" value="293.0000" status="V"/>
<ValueRow obis="1-1:5.8.2" value="580.0000" status="V"/>
<ValueRow obis="1-1:6.8.1" value="33.0000" status="V"/>
<ValueRow obis="1-1:6.8.2" value="8.0000" status="V"/>
<ValueRow obis="1-1:7.8.1" value="406.0000" status="V"/>
<ValueRow obis="1-1:7.8.2" value="163.0000" status="V"/>
<ValueRow obis="1-1:8.8.1" value="500.0000" status="V"/>
<ValueRow obis="1-1:8.8.2" value="1685.0000" status="V"/>
</TimePeriod>
</Meter>
</ESLBillingData>