<?xml version="1.0" encoding="UTF-8"?>
<ESLBillingData>
<Header version="1.0" created ="2022-04-03T05:35:59" swSystemNameFrom="ESL-EVU" swSystemNameTo="ESL-EVU" />
<Meter factoryNo="38157930" internalNo="38157930">
<TimePeriod end="2022-04-01T00:00:00">
<ValueRow obis="1-1:1.6.1" valueTimeStamp="2022-03-18T08:45:00" value="9.1000" status="V"/>
<ValueRow obis="1-1:1.6.2" valueTimeStamp="2022-03-05T07:45:00" value="6.6000" status="V"/>
<ValueRow obis="1-1:1.8.1" value="23746.5000" status="V"/>
<ValueRow obis="1-1:1.8.2" value="41448.2000" status="V"/>
<ValueRow obis="1-1:2.6.1" valueTimeStamp="2022-03-27T12:15:00" value="4.7000" status="V"/>
<ValueRow obis="1-1:2.6.2" valueTimeStamp="2022-03-27T12:15:00" value="4.7000" status="V"/>
<ValueRow obis="1-1:2.8.1" value="15418.2000" status="V"/>
<ValueRow obis="1-1:2.8.2" value="8717.1000" status="V"/>
<ValueRow obis="1-1:5.8.1" value="535.0000" status="V"/>
<ValueRow obis="1-1:5.8.2" value="699.0000" status="V"/>
<ValueRow obis="1-1:6.8.1" value="51.0000" status="V"/>
<ValueRow obis="1-1:6.8.2" value="13.0000" status="V"/>
<ValueRow obis="1-1:7.8.1" value="2444.0000" status="V"/>
<ValueRow obis="1-1:7.8.2" value="1307.0000" status="V"/>
<ValueRow obis="1-1:8.8.1" value="4225.0000" status="V"/>
<ValueRow obis="1-1:8.8.2" value="10610.0000" status="V"/>
</TimePeriod>
</Meter>
</ESLBillingData>