<?xml version="1.0" encoding="UTF-8"?>
<ESLBillingData>
<Header version="1.0" created ="2022-07-03T05:35:20" swSystemNameFrom="ESL-EVU" swSystemNameTo="ESL-EVU" />
<Meter factoryNo="38157930" internalNo="38157930">
<TimePeriod end="2022-07-01T00:00:00">
<ValueRow obis="1-1:1.6.1" valueTimeStamp="2022-06-07T07:45:00" value="6.1000" status="V"/>
<ValueRow obis="1-1:1.6.2" valueTimeStamp="2022-06-10T05:15:00" value="3.8000" status="V"/>
<ValueRow obis="1-1:1.8.1" value="24564.0000" status="V"/>
<ValueRow obis="1-1:1.8.2" value="43107.9000" status="V"/>
<ValueRow obis="1-1:2.6.1" valueTimeStamp="2022-06-11T12:30:00" value="6.0000" status="V"/>
<ValueRow obis="1-1:2.6.2" valueTimeStamp="2022-06-11T12:30:00" value="6.0000" status="V"/>
<ValueRow obis="1-1:2.8.1" value="16324.9000" status="V"/>
<ValueRow obis="1-1:2.8.2" value="9376.1000" status="V"/>
<ValueRow obis="1-1:5.8.1" value="560.0000" status="V"/>
<ValueRow obis="1-1:5.8.2" value="706.0000" status="V"/>
<ValueRow obis="1-1:6.8.1" value="63.0000" status="V"/>
<ValueRow obis="1-1:6.8.2" value="14.0000" status="V"/>
<ValueRow obis="1-1:7.8.1" value="2689.0000" status="V"/>
<ValueRow obis="1-1:7.8.2" value="1436.0000" status="V"/>
<ValueRow obis="1-1:8.8.1" value="4453.0000" status="V"/>
<ValueRow obis="1-1:8.8.2" value="11350.0000" status="V"/>
</TimePeriod>
</Meter>
</ESLBillingData>