<?xml version="1.0" encoding="UTF-8"?>
<ESLBillingData>
<Header version="1.0" created ="2021-09-03T05:37:00" swSystemNameFrom="ESL-EVU" swSystemNameTo="ESL-EVU" />
<Meter factoryNo="38157930" internalNo="38157930">
<TimePeriod end="2021-09-01T00:00:00">
<ValueRow obis="1-1:1.6.1" valueTimeStamp="2021-08-30T07:15:00" value="6.5000" status="V"/>
<ValueRow obis="1-1:1.6.2" valueTimeStamp="2021-08-30T06:00:00" value="5.1000" status="V"/>
<ValueRow obis="1-1:1.8.1" value="18825.4000" status="V"/>
<ValueRow obis="1-1:1.8.2" value="35481.8000" status="V"/>
<ValueRow obis="1-1:2.6.1" valueTimeStamp="2021-08-15T13:15:00" value="5.2000" status="V"/>
<ValueRow obis="1-1:2.6.2" valueTimeStamp="2021-08-15T13:15:00" value="5.2000" status="V"/>
<ValueRow obis="1-1:2.8.1" value="15039.6000" status="V"/>
<ValueRow obis="1-1:2.8.2" value="8213.0000" status="V"/>
<ValueRow obis="1-1:5.8.1" value="434.0000" status="V"/>
<ValueRow obis="1-1:5.8.2" value="661.0000" status="V"/>
<ValueRow obis="1-1:6.8.1" value="47.0000" status="V"/>
<ValueRow obis="1-1:6.8.2" value="12.0000" status="V"/>
<ValueRow obis="1-1:7.8.1" value="2247.0000" status="V"/>
<ValueRow obis="1-1:7.8.2" value="1153.0000" status="V"/>
<ValueRow obis="1-1:8.8.1" value="3430.0000" status="V"/>
<ValueRow obis="1-1:8.8.2" value="8988.0000" status="V"/>
</TimePeriod>
</Meter>
</ESLBillingData>