<?xml version="1.0" encoding="UTF-8"?>
<ESLBillingData>
<Header version="1.0" created ="2022-03-03T05:36:17" swSystemNameFrom="ESL-EVU" swSystemNameTo="ESL-EVU" />
<Meter factoryNo="38157930" internalNo="38157930">
<TimePeriod end="2022-03-01T00:00:00">
<ValueRow obis="1-1:1.6.1" valueTimeStamp="2022-02-15T09:00:00" value="7.8000" status="V"/>
<ValueRow obis="1-1:1.6.2" valueTimeStamp="2022-02-19T07:45:00" value="5.6000" status="V"/>
<ValueRow obis="1-1:1.8.1" value="23203.2000" status="V"/>
<ValueRow obis="1-1:1.8.2" value="40597.3000" status="V"/>
<ValueRow obis="1-1:2.6.1" valueTimeStamp="2022-02-26T12:30:00" value="4.6000" status="V"/>
<ValueRow obis="1-1:2.6.2" valueTimeStamp="2022-02-26T12:30:00" value="4.6000" status="V"/>
<ValueRow obis="1-1:2.8.1" value="15331.6000" status="V"/>
<ValueRow obis="1-1:2.8.2" value="8569.5000" status="V"/>
<ValueRow obis="1-1:5.8.1" value="511.0000" status="V"/>
<ValueRow obis="1-1:5.8.2" value="692.0000" status="V"/>
<ValueRow obis="1-1:6.8.1" value="50.0000" status="V"/>
<ValueRow obis="1-1:6.8.2" value="13.0000" status="V"/>
<ValueRow obis="1-1:7.8.1" value="2395.0000" status="V"/>
<ValueRow obis="1-1:7.8.2" value="1274.0000" status="V"/>
<ValueRow obis="1-1:8.8.1" value="4127.0000" status="V"/>
<ValueRow obis="1-1:8.8.2" value="10392.0000" status="V"/>
</TimePeriod>
</Meter>
</ESLBillingData>