<?xml version="1.0" encoding="UTF-8"?>
<ESLBillingData>
<Header version="1.0" created ="2020-02-03T18:16:00" swSystemNameFrom="ESL-EVU" swSystemNameTo="ESL-EVU" />
<Meter factoryNo="38157930" internalNo="38157930">
<TimePeriod end="2020-02-01T00:00:00">
<ValueRow obis="1-1:1.6.1" valueTimeStamp="2020-01-23T08:30:00" value="7.9000" status="V"/>
<ValueRow obis="1-1:1.6.2" valueTimeStamp="2020-01-25T08:15:00" value="6.4000" status="V"/>
<ValueRow obis="1-1:1.8.1" value="10891.0000" status="V"/>
<ValueRow obis="1-1:1.8.2" value="23624.4000" status="V"/>
<ValueRow obis="1-1:2.6.1" valueTimeStamp="2020-01-19T12:15:00" value="2.7000" status="V"/>
<ValueRow obis="1-1:2.6.2" valueTimeStamp="2020-01-19T12:15:00" value="2.7000" status="V"/>
<ValueRow obis="1-1:2.8.1" value="10762.0000" status="V"/>
<ValueRow obis="1-1:2.8.2" value="5267.1000" status="V"/>
<ValueRow obis="1-1:5.8.1" value="340.0000" status="V"/>
<ValueRow obis="1-1:5.8.2" value="625.0000" status="V"/>
<ValueRow obis="1-1:6.8.1" value="37.0000" status="V"/>
<ValueRow obis="1-1:6.8.2" value="10.0000" status="V"/>
<ValueRow obis="1-1:7.8.1" value="1031.0000" status="V"/>
<ValueRow obis="1-1:7.8.2" value="513.0000" status="V"/>
<ValueRow obis="1-1:8.8.1" value="1637.0000" status="V"/>
<ValueRow obis="1-1:8.8.2" value="4290.0000" status="V"/>
</TimePeriod>
<TimePeriod end="2020-01-01T00:00:00">
<ValueRow obis="1-1:1.6.1" valueTimeStamp="2019-12-05T16:15:00" value="8.2000" status="V"/>
<ValueRow obis="1-1:1.6.2" valueTimeStamp="2019-12-07T08:00:00" value="5.4000" status="V"/>
<ValueRow obis="1-1:1.8.1" value="10097.8000" status="V"/>
<ValueRow obis="1-1:1.8.2" value="22854.7000" status="V"/>
<ValueRow obis="1-1:2.6.1" valueTimeStamp="2019-12-08T11:45:00" value="1.9000" status="V"/>
<ValueRow obis="1-1:2.6.2" valueTimeStamp="2019-12-08T11:45:00" value="1.9000" status="V"/>
<ValueRow obis="1-1:2.8.1" value="10751.1000" status="V"/>
<ValueRow obis="1-1:2.8.2" value="5229.4000" status="V"/>
<ValueRow obis="1-1:5.8.1" value="332.0000" status="V"/>
<ValueRow obis="1-1:5.8.2" value="622.0000" status="V"/>
<ValueRow obis="1-1:6.8.1" value="37.0000" status="V"/>
<ValueRow obis="1-1:6.8.2" value="10.0000" status="V"/>
<ValueRow obis="1-1:7.8.1" value="1016.0000" status="V"/>
<ValueRow obis="1-1:7.8.2" value="496.0000" status="V"/>
<ValueRow obis="1-1:8.8.1" value="1524.0000" status="V"/>
<ValueRow obis="1-1:8.8.2" value="4092.0000" status="V"/>
</TimePeriod>
<TimePeriod end="2019-12-01T00:00:00">
<ValueRow obis="1-1:1.6.1" valueTimeStamp="2019-11-22T08:45:00" value="9.0000" status="V"/>
<ValueRow obis="1-1:1.6.2" valueTimeStamp="2019-11-22T06:45:00" value="5.2000" status="V"/>
<ValueRow obis="1-1:1.8.1" value="9393.7000" status="V"/>
<ValueRow obis="1-1:1.8.2" value="22072.7000" status="V"/>
<ValueRow obis="1-1:2.6.1" valueTimeStamp="2019-11-02T12:30:00" value="3.5000" status="V"/>
<ValueRow obis="1-1:2.6.2" valueTimeStamp="2019-11-02T12:30:00" value="3.5000" status="V"/>
<ValueRow obis="1-1:2.8.1" value="10739.6000" status="V"/>
<ValueRow obis="1-1:2.8.2" value="5208.8000" status="V"/>
<ValueRow obis="1-1:5.8.1" value="327.0000" status="V"/>
<ValueRow obis="1-1:5.8.2" value="620.0000" status="V"/>
<ValueRow obis="1-1:6.8.1" value="37.0000" status="V"/>
<ValueRow obis="1-1:6.8.2" value="10.0000" status="V"/>
<ValueRow obis="1-1:7.8.1" value="1005.0000" status="V"/>
<ValueRow obis="1-1:7.8.2" value="481.0000" status="V"/>
<ValueRow obis="1-1:8.8.1" value="1408.0000" status="V"/>
<ValueRow obis="1-1:8.8.2" value="3888.0000" status="V"/>
</TimePeriod>
</Meter>
<Meter factoryNo="5442313" internalNo="5442313">
<TimePeriod end="2020-02-01T00:00:00">
<ValueRow obis="8-1:1.8.0" value="337.0000" status="V"/>
</TimePeriod>
<TimePeriod end="2020-01-01T00:00:00">
<ValueRow obis="8-1:1.8.0" value="326.0000" status="V"/>
</TimePeriod>
</Meter>
</ESLBillingData>